case_id,parent_category,category,service_name,title,region,city,district,neighborhood,customer_symptom,customer_concern,actual_cause,repair_method,materials,work_time,price,production_lead_time,before_image_count,during_image_count,after_image_count,before_image_paths,during_image_paths,after_image_paths,summary,primary_keyword,secondary_keywords,slug,route,canonical_url,cta,published_date,source_file
case-097,싱크대 수리,상부장 처짐,상부장 처짐,"신림동 싱크대 상부장 추락 수리, 부서진 시공목을 다시 잡은 현장",서울 관악구 신림동,서울,관악구,신림동,"서울 관악구 신림동 싱크대 상부장 추락 수리 사례입니다. 상부장 뒤쪽에서 장을 잡아주던 시공목이 부서져 장이 내려온 상태였고, 장을 내린 뒤 합판으로 고정 구조를 다시 잡고 상부장을 재결합했습니다.",,시공목|합판|추락,서울 관악구 신림동 싱크대 상부장 추락 수리 사례입니다,시공목|합판,,,,1,0,1,/images/cases/case-097-before.jpg,,/images/cases/case-097-after.jpg,"서울 관악구 신림동 싱크대 상부장 추락 수리 사례입니다. 상부장 뒤쪽에서 장을 잡아주던 시공목이 부서져 장이 내려온 상태였고, 장을 내린 뒤 합판으로 고정 구조를 다시 잡고 상부장을 재결합했습니다.",신림동 싱크대 상부장 추락,신림동 싱크대 상부장 수리|신림동 상부장 추락 수리|신림동 상부장 시공목|관악구 싱크대 상부장 추락|관악구 싱크대 상부장 수리|관악구 상부장 추락 수리|서울 싱크대 상부장 추락|서울 상부장 시공목 수리|리스토리 스튜디오,case-097,/cases/case-097,https://www.restorystudio.co.kr/cases/case-097,사진 보내주시면 먼저 상태를 확인해드리겠습니다.,2026-07-24,lib/case-data.tsx
case-096,싱크대 수리,상부장 처짐,상부장 처짐,"마포구 싱크대 상부장 처짐 수리, 문짝보다 먼저 확인한 내부 연결 상태",서울 마포구,서울,마포구,,"서울 마포구 싱크대 상부장 처짐 사례입니다. 시공목 자체보다 이전 시공에서 시공목과 장 내부를 연결하는 피스가 빠져 있던 상태를 확인했고, 상부장을 내린 뒤 원인을 파악해 보강하며 마무리했습니다.",,시공목|피스|처짐,"시공목 자체보다 이전 시공에서 시공목과 장 내부를 연결하는 피스가 빠져 있던 상태를 확인했고, 상부장을 내린 뒤 원인을 파악해 보강하며 마무리했습니다",시공목|피스,,,,1,0,1,/images/cases/case-096-before.jpg,,/images/cases/case-096-after.jpg,"서울 마포구 싱크대 상부장 처짐 사례입니다. 시공목 자체보다 이전 시공에서 시공목과 장 내부를 연결하는 피스가 빠져 있던 상태를 확인했고, 상부장을 내린 뒤 원인을 파악해 보강하며 마무리했습니다.",마포구 싱크대 상부장 처짐,마포구 상부장 수리|싱크대 상부장 처짐 수리|상부장 처짐 원인|상부장 보강|시공목 연결 보강|싱크대 수리|서울 상부장 처짐|주방 상부장 수리|리스토리 스튜디오,case-096,/cases/case-096,https://www.restorystudio.co.kr/cases/case-096,사진 보내주시면 먼저 상태를 확인해드리겠습니다.,2026-07-24,lib/case-data.tsx
case-095,싱크대 수리,하부장 밑판 교체,하부장 밑판 교체,"강서구 화곡동 싱크대 하부장 밑판 교체, 전체 교체 대신 밑판만 정리한 사례",서울 강서구 화곡동,서울,강서구,화곡동,"서울 강서구 화곡동 싱크대 하부장 밑판 교체 사례입니다. 습기로 밑판이 불어 터진 상태였고, 장 전체 교체가 아니라 손상된 밑판만 제거한 뒤 새 밑판으로 정리했습니다.",,습기|밑판,서울 강서구 화곡동 싱크대 하부장 밑판 교체 사례입니다,밑판,,,,1,0,1,/images/cases/case-095-before.jpg,,/images/cases/case-095-after.jpg,"서울 강서구 화곡동 싱크대 하부장 밑판 교체 사례입니다. 습기로 밑판이 불어 터진 상태였고, 장 전체 교체가 아니라 손상된 밑판만 제거한 뒤 새 밑판으로 정리했습니다.",강서구 싱크대 하부장 밑판 교체,화곡동 싱크대 하부장 밑판 교체|싱크대 하부장 밑판 교체|하부장 밑판 교체|하부장 바닥 교체|싱크대 하부장 수리|싱크대 밑판 물먹음|싱크대 밑판 교체|강서구 싱크대 수리|리스토리 스튜디오,case-095,/cases/case-095,https://www.restorystudio.co.kr/cases/case-095,사진 보내주시면 먼저 상태를 확인해드리겠습니다.,2026-07-23,lib/case-data.tsx
case-094,가죽 리폼,특수 가죽 교체,특수 가죽 교체,"일산 병원 워커 인조가죽 교체, 환자 눈에 먼저 보이는 3가지 신호",경기 일산,경기,일산,,"경기 일산 병원 워커 인조가죽 교체 천갈이 사례입니다. 환자분들이 손을 올리는 패드 부분의 코팅이 벗겨지고 내부 원단이 보이던 상태였고, 프레임은 유지한 채 손이 닿는 가죽 부분만 새 인조가죽으로 다시 감싸 정리했습니다.",,코팅|가죽,경기 일산 병원 워커 인조가죽 교체 천갈이 사례입니다,인조가죽|가죽,,,,1,0,1,/images/cases/case-094-before.jpg,,/images/cases/case-094-after.jpg,"경기 일산 병원 워커 인조가죽 교체 천갈이 사례입니다. 환자분들이 손을 올리는 패드 부분의 코팅이 벗겨지고 내부 원단이 보이던 상태였고, 프레임은 유지한 채 손이 닿는 가죽 부분만 새 인조가죽으로 다시 감싸 정리했습니다.",일산 병원 워커 인조가죽 교체,일산 워커 천갈이|일산 병원 장비 가죽 교체|워커 인조가죽 교체|워커 팔받침 가죽 교체|병원 워커 가죽 교체|병원 장비 천갈이|특수 가죽 교체|가죽 리폼|리스토리 스튜디오,case-094,/cases/case-094,https://www.restorystudio.co.kr/cases/case-094,사진 보내주시면 먼저 상태를 확인해드리겠습니다.,2026-07-22,lib/case-data.tsx
case-093,싱크대 수리,상부장 처짐,상부장 처짐,"사당동 싱크대 상부장 처짐 수리, 주방이 무너지는 신호처럼 보였던 틈",서울 사당동,서울,사당동,,"서울 사당동 싱크대 상부장 처짐 수리 사례입니다. 상부장이 앞으로 처지며 천장과 장 사이 틈이 벌어진 상태였고, 실제 원인은 부실하게 시공된 시공목으로 확인되었습니다. 장을 내린 뒤 시공목을 보강하고 다시 결합해 안정적으로 사용할 수 있도록 정리했습니다.",,시공목|처짐,서울 사당동 싱크대 상부장 처짐 수리 사례입니다,시공목,,,,1,0,1,/images/cases/case-093-before.jpg,,/images/cases/case-093-after.jpg,"서울 사당동 싱크대 상부장 처짐 수리 사례입니다. 상부장이 앞으로 처지며 천장과 장 사이 틈이 벌어진 상태였고, 실제 원인은 부실하게 시공된 시공목으로 확인되었습니다. 장을 내린 뒤 시공목을 보강하고 다시 결합해 안정적으로 사용할 수 있도록 정리했습니다.",사당동 싱크대 상부장 처짐 수리,사당동 상부장 수리|사당동 싱크대 수리|싱크대 상부장 처짐 수리|싱크대 상부장 수리|상부장 처짐|상부장 보강|시공목 보강|주방 상부장 수리|리스토리 스튜디오,case-093,/cases/case-093,https://www.restorystudio.co.kr/cases/case-093,사진 보내주시면 먼저 상태를 확인해드리겠습니다.,2026-07-21,lib/case-data.tsx
case-092,가죽 리폼,의자 천갈이,의자 천갈이,"고양시 식탁의자 인조가죽 교체, 4개 의자를 버리기 전 확인한 1가지",경기 고양시,경기,고양시,,"경기 고양시 식탁의자 인조가죽 교체 사례입니다. 기존 좌판 인조가죽이 얇아 표면 벗겨짐과 찢김이 올라온 상태였고, 프레임은 유지한 채 새 국산 인조가죽으로 좌판을 다시 감싸 정리했습니다.",,가죽,경기 고양시 식탁의자 인조가죽 교체 사례입니다,인조가죽,,,,1,0,1,/images/cases/case-092-before.jpg,,/images/cases/case-092-after.jpg,"경기 고양시 식탁의자 인조가죽 교체 사례입니다. 기존 좌판 인조가죽이 얇아 표면 벗겨짐과 찢김이 올라온 상태였고, 프레임은 유지한 채 새 국산 인조가죽으로 좌판을 다시 감싸 정리했습니다.",고양시 식탁의자 인조가죽 교체,고양시 의자 천갈이|고양시 식탁의자 천갈이|고양시 의자 인조가죽 교체|식탁의자 인조가죽 교체|식탁의자 천갈이|의자 좌판 가죽 교체|국산 인조가죽 교체|가죽 리폼|리스토리 스튜디오,case-092,/cases/case-092,https://www.restorystudio.co.kr/cases/case-092,사진 보내주시면 먼저 상태를 확인해드리겠습니다.,2026-07-20,lib/case-data.tsx
case-090,싱크대 리폼,싱크대 리폼,싱크대 리폼,"잠실 싱크대 문짝 교체, 누렇게 변한 UV 하이그로시 문짝 교체 사례",서울 잠실,서울,잠실,,서울 잠실 싱크대 문짝 교체 사례입니다. 오래된 UV 하이그로시 문짝이 누렇게 변하고 낡아 보였던 주방을 새 문짝 맞춤 제작과 교체로 정리했습니다.,,경첩,서울 잠실 싱크대 문짝 교체 사례입니다,UV,,,,1,0,1,/images/cases/case-090-before.jpg,,/images/cases/case-090-after.jpg,서울 잠실 싱크대 문짝 교체 사례입니다. 오래된 UV 하이그로시 문짝이 누렇게 변하고 낡아 보였던 주방을 새 문짝 맞춤 제작과 교체로 정리했습니다.,잠실 싱크대 문짝 교체,잠실 싱크대 리폼|잠실 주방 리폼|싱크대 문짝 교체|싱크대 문 교체|주방 문짝 교체|UV 하이그로시 문짝|싱크대 리폼|주방 리폼|리스토리 스튜디오,case-090,/cases/case-090,https://www.restorystudio.co.kr/cases/case-090,사진 보내주시면 먼저 상태를 확인해드리겠습니다.,2026-07-17,lib/case-data.tsx
case-091,싱크대 수리,하부장 밑판 교체,하부장 밑판 교체,"송파구 싱크대 하부장 밑판 교체, 물에 불어 냄새가 나던 밑판 교체 사례",서울 송파구,서울,송파구,,"서울 송파구 싱크대 하부장 밑판 교체 사례입니다. 물에 불어 오염과 냄새가 올라오던 하부장 내부를 확인한 뒤, 전체 교체가 아니라 손상된 밑판만 제거하고 새 밑판을 다시 부착했습니다.",,물|밑판,서울 송파구 싱크대 하부장 밑판 교체 사례입니다,밑판,,,,1,0,1,/images/cases/case-091-before.jpg,,/images/cases/case-091-after.jpg,"서울 송파구 싱크대 하부장 밑판 교체 사례입니다. 물에 불어 오염과 냄새가 올라오던 하부장 내부를 확인한 뒤, 전체 교체가 아니라 손상된 밑판만 제거하고 새 밑판을 다시 부착했습니다.",송파구 싱크대 수리,송파구 싱크대 하부장 밑판 교체|싱크대 하부장 밑판 교체|하부장 밑판 교체|하부장 수리|싱크대 냄새|싱크대 물먹음|주방 하부장 수리|리스토리 스튜디오,case-091,/cases/case-091,https://www.restorystudio.co.kr/cases/case-091,사진 보내주시면 먼저 상태를 확인해드리겠습니다.,2026-07-19,lib/case-data.tsx
case-089,싱크대 수리,상부장 처짐,상부장 처짐,"용산 싱크대 상부장 추락, 수리 불가로 상부장 맞춤 제작 교체한 사례",서울 용산,서울,용산,,서울 용산 싱크대 상부장 추락 사례입니다. 오래된 상부장 내부 PB가 파손되어 기존 장을 다시 고정할 수 없는 상태였습니다. 철거 후 실측을 진행하고 영업일 기준 3~5일 뒤 새 상부장을 맞춤 제작하여 설치했습니다.,,PB|처짐|추락,오래된 상부장 내부 PB가 파손되어 기존 장을 다시 고정할 수 없는 상태였습니다,PB,,,,1,0,1,/images/cases/case-089-before.jpg,,/images/cases/case-089-after.jpg,서울 용산 싱크대 상부장 추락 사례입니다. 오래된 상부장 내부 PB가 파손되어 기존 장을 다시 고정할 수 없는 상태였습니다. 철거 후 실측을 진행하고 영업일 기준 3~5일 뒤 새 상부장을 맞춤 제작하여 설치했습니다.,용산 싱크대 상부장 처짐,용산 싱크대 상부장 추락|용산 상부장 교체|용산 상부장 맞춤 제작|용산 싱크대 수리|싱크대 상부장 수리|싱크대 상부장 교체|싱크대 상부장 맞춤 제작|주방 상부장 제작|주방 상부장 교체|상부장 처짐 수리|상부장 추락 수리|싱크대 리폼|주방 리모델링|리스토리 스튜디오,case-089,/cases/case-089,https://www.restorystudio.co.kr/cases/case-089,사진 보내주시면 먼저 상태를 확인해드리겠습니다.,2026-07-16,lib/case-data.tsx
case-088,싱크대 수리,상부장 처짐,상부장 처짐,"구로구 싱크대 상부장 처짐, 시공목 보강 후 재결합",서울 구로구,서울,구로구,,"서울 구로구 싱크대 상부장 처짐 사례입니다. 뒤쪽 시공목이 빠지면서 장이 처진 상태로 확인되어, 시공목을 보강하고 상부장을 다시 결합했습니다.",,시공목|처짐,"뒤쪽 시공목이 빠지면서 장이 처진 상태로 확인되어, 시공목을 보강하고 상부장을 다시 결합했습니다",시공목,,,,1,0,1,/images/cases/case-088-before.jpg,,/images/cases/case-088-after.jpg,"서울 구로구 싱크대 상부장 처짐 사례입니다. 뒤쪽 시공목이 빠지면서 장이 처진 상태로 확인되어, 시공목을 보강하고 상부장을 다시 결합했습니다.",구로구 싱크대 상부장 처짐,구로구 상부장 처짐|서울 상부장 처짐|싱크대 상부장 처짐|싱크대 상부장 수리|상부장 시공목|시공목 보강|상부장 재결합|주방 상부장 수리|리스토리 스튜디오,case-088,/cases/case-088,https://www.restorystudio.co.kr/cases/case-088,사진 보내주시면 먼저 상태를 확인해드리겠습니다.,2026-07-16,lib/case-data.tsx
case-087,싱크대 수리,상부장 처짐,상부장 처짐,"계양구 싱크대 상부장 처짐, 시공목 보강 후 재결합",인천 계양구,인천,계양구,,"인천 계양구 싱크대 상부장 처짐 사례입니다. 뒤쪽 시공목이 빠지면서 장이 처진 상태로 확인되어, 장을 내린 뒤 시공목을 보강하고 상부장을 다시 결합했습니다.",,시공목|처짐,"뒤쪽 시공목이 빠지면서 장이 처진 상태로 확인되어, 장을 내린 뒤 시공목을 보강하고 상부장을 다시 결합했습니다",시공목,,,,1,0,1,/images/cases/case-087-before.jpg,,/images/cases/case-087-after.jpg,"인천 계양구 싱크대 상부장 처짐 사례입니다. 뒤쪽 시공목이 빠지면서 장이 처진 상태로 확인되어, 장을 내린 뒤 시공목을 보강하고 상부장을 다시 결합했습니다.",계양구 싱크대 상부장 처짐,계양구 상부장 처짐|인천 상부장 처짐|싱크대 상부장 처짐|싱크대 상부장 수리|상부장 시공목|시공목 보강|상부장 재결합|주방 상부장 수리|리스토리 스튜디오,case-087,/cases/case-087,https://www.restorystudio.co.kr/cases/case-087,사진 보내주시면 먼저 상태를 확인해드리겠습니다.,2026-07-15,lib/case-data.tsx
case-086,가죽 리폼,의자 천갈이,의자 천갈이,"송파 식탁의자 인조가죽 천갈이, 좌판 손상만 다시 정리한 사례",서울 송파,서울,송파,,"서울 송파 식탁의자 인조가죽 천갈이 사례입니다. 원목 프레임은 그대로 사용할 수 있어 보였고, 좌판 앞쪽과 측면의 인조가죽이 벗겨지고 갈라진 상태였습니다. 좌판을 분리한 뒤 새 인조가죽 원단으로 다시 감싸 4개 식탁의자의 앉는 부분을 정돈했습니다.",,가죽,서울 송파 식탁의자 인조가죽 천갈이 사례입니다,인조가죽,,,,1,0,1,/images/cases/case-086-before.jpg,,/images/cases/case-086-after.jpg,"서울 송파 식탁의자 인조가죽 천갈이 사례입니다. 원목 프레임은 그대로 사용할 수 있어 보였고, 좌판 앞쪽과 측면의 인조가죽이 벗겨지고 갈라진 상태였습니다. 좌판을 분리한 뒤 새 인조가죽 원단으로 다시 감싸 4개 식탁의자의 앉는 부분을 정돈했습니다.",송파 식탁의자 인조가죽 천갈이,송파 식탁의자 천갈이|송파 의자 천갈이|송파 인조가죽 교체|식탁의자 인조가죽 천갈이|식탁의자 천갈이|의자 좌판 천갈이|인조가죽 천갈이|가죽 리폼|리스토리 스튜디오,case-086,/cases/case-086,https://www.restorystudio.co.kr/cases/case-086,사진 보내주시면 먼저 상태를 확인해드리겠습니다.,2026-07-15,lib/case-data.tsx
case-085,가죽 리폼,회의실 테이블 가죽 교체,회의실 테이블 가죽 교체,구로 회의실 대형 테이블 상판 인조가죽 패드 교체,서울 구로구,서울,구로구,,"서울 구로구 회의실 대형 테이블 상판 패드 교체 사례입니다. 검정 인조가죽 패드 표면에 벗겨짐과 긁힘이 넓게 보이던 상태에서, 기존 패드를 분리하고 새 검정 인조가죽 원단으로 교체해 회의실 테이블을 다시 깔끔하게 정리했습니다.",,가죽,서울 구로구 회의실 대형 테이블 상판 패드 교체 사례입니다,인조가죽,,,,1,0,1,/images/cases/case-085-before.jpg,,/images/cases/case-085-after.jpg,"서울 구로구 회의실 대형 테이블 상판 패드 교체 사례입니다. 검정 인조가죽 패드 표면에 벗겨짐과 긁힘이 넓게 보이던 상태에서, 기존 패드를 분리하고 새 검정 인조가죽 원단으로 교체해 회의실 테이블을 다시 깔끔하게 정리했습니다.",구로 회의실 테이블 가죽 교체,구로 회의실 테이블 패드 교체|구로 테이블 상판 인조가죽 교체|회의실 테이블 패드 교체|회의실 테이블 가죽 교체|회의실 테이블 천갈이|대형 테이블 패드 교체|테이블 인조가죽 교체|사무실 테이블 리폼|가죽 리폼|서울 구로구|리스토리 스튜디오,case-085,/cases/case-085,https://www.restorystudio.co.kr/cases/case-085,사진 보내주시면 먼저 상태를 확인해드리겠습니다.,2026-07-14,lib/case-data.tsx
case-084,싱크대 수리,상부장 처짐,상부장 처짐,"용산 싱크대 상부장 처짐, 추락 직전이었던 상부장을 시공목 재고정으로 복구했습니다",서울 용산구,서울,용산구,,서울 용산구 싱크대 상부장 처짐 수리 사례입니다. 벽에 고정되어 있던 시공목이 분리되면서 상부장이 앞으로 기울어 추락 직전 상태였습니다. 시공목을 다시 벽체에 단단히 고정하고 깨진 상부장까지 복구해 약 2시간 만에 안전하게 사용할 수 있도록 마무리했습니다.,,시공목|경첩|처짐|추락,서울 용산구 싱크대 상부장 처짐 수리 사례입니다,시공목,,,,1,0,1,/images/cases/case-084-before.jpg,,/images/cases/case-084-after.jpg,서울 용산구 싱크대 상부장 처짐 수리 사례입니다. 벽에 고정되어 있던 시공목이 분리되면서 상부장이 앞으로 기울어 추락 직전 상태였습니다. 시공목을 다시 벽체에 단단히 고정하고 깨진 상부장까지 복구해 약 2시간 만에 안전하게 사용할 수 있도록 마무리했습니다.,용산 싱크대 상부장 처짐,용산 싱크대 상부장 추락|용산 싱크대 수리|용산 상부장 수리|서울 상부장 처짐|싱크대 상부장 처짐|싱크대 상부장 추락|시공목 보강|시공목 재고정|싱크대 수리|서울 용산구|리스토리 스튜디오,case-084,/cases/case-084,https://www.restorystudio.co.kr/cases/case-084,사진 보내주시면 먼저 상태를 확인해드리겠습니다.,2026-07-14,lib/case-data.tsx
case-083,가죽 리폼,회의실 테이블 가죽 교체,회의실 테이블 가죽 교체,"강서구 화곡동 회의실 중역 테이블 천갈이, 벗겨진 상판 가죽을 새 인조가죽으로 교체했습니다",서울 강서구 화곡동,서울,강서구,화곡동,서울 강서구 화곡동 회의실 중역 테이블 천갈이 사례입니다. 오랜 사용으로 상판 인조가죽이 벗겨지고 갈라져 회의실 전체가 낡아 보이던 상태였습니다. 기존 가죽을 제거한 뒤 새 인조가죽으로 천갈이를 진행해 약 2시간 만에 깔끔하게 마무리했습니다.,,가죽,서울 강서구 화곡동 회의실 중역 테이블 천갈이 사례입니다,가죽|인조가죽,,,,1,0,1,/images/cases/case-083-before.jpg,,/images/cases/case-083-after.jpg,서울 강서구 화곡동 회의실 중역 테이블 천갈이 사례입니다. 오랜 사용으로 상판 인조가죽이 벗겨지고 갈라져 회의실 전체가 낡아 보이던 상태였습니다. 기존 가죽을 제거한 뒤 새 인조가죽으로 천갈이를 진행해 약 2시간 만에 깔끔하게 마무리했습니다.,강서구 회의실 테이블 가죽 교체,화곡동 회의실 테이블 가죽 교체|강서구 중역 테이블 천갈이|화곡동 중역 테이블 천갈이|회의실 테이블 천갈이|회의실 테이블 가죽 교체|중역 테이블 가죽 교체|테이블 인조가죽 교체|가죽 리폼|회의실 리폼|서울 강서구|리스토리 스튜디오,case-083,/cases/case-083,https://www.restorystudio.co.kr/cases/case-083,사진 보내주시면 먼저 상태를 확인해드리겠습니다.,2026-07-13,lib/case-data.tsx
case-082,싱크대 리폼,싱크대 리폼,싱크대 리폼,"송파구 싱크대 문짝 교체, 물먹어 부푼 UV 하이그로시 문짝만 교체해 주방 분위기를 살렸습니다",서울 송파구,서울,송파구,,서울 송파구 싱크대 문짝 교체 사례입니다. 오래 사용한 UV 하이그로시 문짝 하단이 습기로 물을 먹어 부풀고 터진 상태였습니다. 기존 몸통은 그대로 사용하고 손상된 문짝만 새 UV 하이그로시로 교체해 약 1시간 만에 깔끔하게 마무리했습니다.,,습기|물,서울 송파구 싱크대 문짝 교체 사례입니다,UV,,,,1,0,1,/images/cases/case-082-before.jpg,,/images/cases/case-082-after.jpg,서울 송파구 싱크대 문짝 교체 사례입니다. 오래 사용한 UV 하이그로시 문짝 하단이 습기로 물을 먹어 부풀고 터진 상태였습니다. 기존 몸통은 그대로 사용하고 손상된 문짝만 새 UV 하이그로시로 교체해 약 1시간 만에 깔끔하게 마무리했습니다.,송파구 싱크대 문짝 교체,송파구 싱크대 리폼|송파구 주방 문짝 교체|송파구 싱크대 수리|서울 싱크대 문짝 교체|싱크대 문짝 교체|UV 하이그로시|싱크대 문짝 물먹음|주방 문짝 교체|싱크대 리폼|서울 송파구|리스토리 스튜디오,case-082,/cases/case-082,https://www.restorystudio.co.kr/cases/case-082,사진 보내주시면 먼저 상태를 확인해드리겠습니다.,2026-07-13,lib/case-data.tsx
case-081,소파 복원,소파 복원,소파 복원,"부천 소파 스프링 빠짐 수리, S자 스프링 전체 이탈도 이태리 엘라스틱 밴드로 다시 잡았습니다",경기 부천,경기,부천,,"경기 부천 소파 스프링 빠짐 수리 사례입니다. 내부 S자 스프링이 전체적으로 빠지면서 좌방석이 꺼지고 앉을 때 지지력이 약해진 상태였습니다. 소파 하부를 열어 이탈된 스프링을 다시 잡고, 이태리 엘라스틱 밴드로 고정해 약 2시간 동안 내부 구조를 보강했습니다.",,가죽|스프링,경기 부천 소파 스프링 빠짐 수리 사례입니다,스펀지|가죽,,,,1,0,1,/images/cases/case-081-before.jpg,,/images/cases/case-081-after.jpg,"경기 부천 소파 스프링 빠짐 수리 사례입니다. 내부 S자 스프링이 전체적으로 빠지면서 좌방석이 꺼지고 앉을 때 지지력이 약해진 상태였습니다. 소파 하부를 열어 이탈된 스프링을 다시 잡고, 이태리 엘라스틱 밴드로 고정해 약 2시간 동안 내부 구조를 보강했습니다.",부천 소파 스프링 빠짐,부천 소파 수리|부천 소파 복원|부천 소파 꺼짐|부천 S자 스프링|소파 스프링 수리|소파 스프링 빠짐|S자 스프링 수리|소파 꺼짐 복원|이태리 엘라스틱 밴드|엘라스틱 밴드|경기 부천|리스토리 스튜디오,case-081,/cases/case-081,https://www.restorystudio.co.kr/cases/case-081,사진 보내주시면 먼저 상태를 확인해드리겠습니다.,2026-07-09,lib/case-data.tsx
case-080,소파 복원,소파 복원,소파 복원,"서울 반포 나뚜찌 소파 꺼짐 복원, 가운데 푹 꺼진 소파도 구조 보강으로 다시 사용할 수 있습니다",서울 반포,서울,반포,,서울 반포 나뚜찌 소파 꺼짐 복원 사례입니다. 내부 엘라스틱 밴드가 늘어나고 스펀지가 노후화되면서 좌방석이 심하게 꺼진 상태였습니다. 하부를 분해한 뒤 HR 25kg 고탄성 스펀지를 충진하고 이태리 엘라스틱 밴드로 구조를 보강해 약 2시간 동안 복원 작업을 진행했습니다.,,가죽,서울 반포 나뚜찌 소파 꺼짐 복원 사례입니다,스펀지|가죽,,,,1,0,1,/images/cases/case-080-before.jpg,,/images/cases/case-080-after.jpg,서울 반포 나뚜찌 소파 꺼짐 복원 사례입니다. 내부 엘라스틱 밴드가 늘어나고 스펀지가 노후화되면서 좌방석이 심하게 꺼진 상태였습니다. 하부를 분해한 뒤 HR 25kg 고탄성 스펀지를 충진하고 이태리 엘라스틱 밴드로 구조를 보강해 약 2시간 동안 복원 작업을 진행했습니다.,반포 소파 꺼짐,반포 소파 복원|반포 소파 수리|반포 나뚜찌 소파|나뚜찌 소파 수리|나뚜찌 소파 복원|소파 꺼짐 복원|엘라스틱 밴드|HR25kg 스펀지|고탄성 스펀지|소파 복원|서울 소파 수리|서울 반포|리스토리 스튜디오,case-080,/cases/case-080,https://www.restorystudio.co.kr/cases/case-080,사진 보내주시면 먼저 상태를 확인해드리겠습니다.,2026-07-08,lib/case-data.tsx
case-079,싱크대 수리,싱크대 수리,싱크대 수리,"서울 송파구 싱크대 상부장 처짐 수리, 추락한 상부장도 재조립과 구조 복원으로 다시 사용할 수 있습니다",서울 송파구,서울,송파구,,"서울 송파구 싱크대 상부장 처짐 및 추락 수리 사례입니다. 습기로 약해진 PB 시공목이 부러지면서 상부장이 추락했고, 충격으로 측판·천판·지판이 모두 분리되었습니다. 상부장을 하나씩 다시 재조립하고 손상된 PB를 복원한 뒤 레이저 수평을 맞춰 약 3시간 동안 복원 작업을 진행했습니다.",,시공목|습기|PB|처짐|추락,서울 송파구 싱크대 상부장 처짐 및 추락 수리 사례입니다,PB|시공목,,,,1,0,1,/images/cases/case-079-before.jpg,,/images/cases/case-079-after.jpg,"서울 송파구 싱크대 상부장 처짐 및 추락 수리 사례입니다. 습기로 약해진 PB 시공목이 부러지면서 상부장이 추락했고, 충격으로 측판·천판·지판이 모두 분리되었습니다. 상부장을 하나씩 다시 재조립하고 손상된 PB를 복원한 뒤 레이저 수평을 맞춰 약 3시간 동안 복원 작업을 진행했습니다.",송파구 싱크대 상부장 처짐,송파구 상부장 추락|송파구 싱크대 수리|서울 상부장 처짐|서울 상부장 추락|싱크대 상부장 처짐|싱크대 상부장 수리|상부장 추락 수리|PB 시공목|상부장 재조립|상부장 복원|레이저 수평|싱크대 수리|서울 송파구|리스토리 스튜디오,case-079,/cases/case-079,https://www.restorystudio.co.kr/cases/case-079,사진 보내주시면 먼저 상태를 확인해드리겠습니다.,2026-07-07,lib/case-data.tsx
case-078,가죽 리폼,특수 가죽 교체,특수 가죽 교체,"부천 한의원 추나베드 인조가죽 천갈이, 레쟈 코팅이 벗겨진 진료베드는 가죽 교체로 개선할 수 있습니다",경기 부천,경기,부천,,경기 부천 한의원 추나베드 인조가죽 천갈이 사례입니다. 오랜 사용으로 인조가죽 코팅이 벗겨지고 찢어져 가루가 떨어지던 추나베드를 새 인조가죽으로 천갈이했습니다. 베드 전체를 교체하기 전에 가죽 교체만으로 가능한지 먼저 확인하는 것이 중요합니다.,,코팅|가죽,경기 부천 한의원 추나베드 인조가죽 천갈이 사례입니다,인조가죽|가죽|스펀지,,,,1,0,1,/images/cases/case-078-before.JPG,,/images/cases/case-078-after.JPG,경기 부천 한의원 추나베드 인조가죽 천갈이 사례입니다. 오랜 사용으로 인조가죽 코팅이 벗겨지고 찢어져 가루가 떨어지던 추나베드를 새 인조가죽으로 천갈이했습니다. 베드 전체를 교체하기 전에 가죽 교체만으로 가능한지 먼저 확인하는 것이 중요합니다.,부천 한의원 추나베드,부천 추나베드 천갈이|부천 추나베드 인조가죽 교체|부천 진료베드 천갈이|부천 한의원 베드 천갈이|추나베드 천갈이|추나베드 인조가죽 교체|진료베드 천갈이|한의원 베드 가죽 교체|인조가죽 천갈이|인조가죽 교체|의료베드 천갈이|부천 인조가죽 교체|부천 가죽 천갈이|부천|한의원 베드|추나베드|진료베드|의자 천갈이|리스토리 스튜디오,case-078,/cases/case-078,https://www.restorystudio.co.kr/cases/case-078,사진 보내주시면 먼저 상태를 확인해드리겠습니다.,2026-07-06,lib/case-data.tsx
case-077,소파 복원,소파 복원,소파 복원,"인천 송도 패브릭 소파 꺼짐 복원, 폭 꺼지는 착석감은 스펀지 보강으로 개선할 수 있습니다",인천 송도,인천,송도,,인천 송도 패브릭 소파 꺼짐 복원 사례입니다. 오래 사용하면서 스펀지가 사그러져 앉을 때마다 몸이 깊게 내려가던 패브릭 소파를 스펀지 보강으로 복원했습니다. 새 소파를 구매하기 전에 현재 상태를 먼저 확인하는 것이 중요합니다.,,가죽,인천 송도 패브릭 소파 꺼짐 복원 사례입니다,스펀지|가죽,,,,1,0,1,/images/cases/case-077-before.jpg,,/images/cases/case-077-after.jpg,인천 송도 패브릭 소파 꺼짐 복원 사례입니다. 오래 사용하면서 스펀지가 사그러져 앉을 때마다 몸이 깊게 내려가던 패브릭 소파를 스펀지 보강으로 복원했습니다. 새 소파를 구매하기 전에 현재 상태를 먼저 확인하는 것이 중요합니다.,패브릭 소파 꺼짐,패브릭 소파 복원|패브릭 소파 수리|소파 꺼짐|소파 복원|소파 수리|스펀지 보강|소파 스펀지|인천 송도|송도 소파 복원|송도 소파 수리|송도 소파 꺼짐|인천 송도 소파 복원|인천 송도 소파 수리|인천 송도 소파 꺼짐|패브릭 소파|착석감 개선|인천 가구 수리|리스토리 스튜디오,case-077,/cases/case-077,https://www.restorystudio.co.kr/cases/case-077,사진 보내주시면 먼저 상태를 확인해드리겠습니다.,2026-07-05,lib/case-data.tsx
case-076,소파 복원,소파 복원,소파 복원,"인천 소파 꺼짐 복원, 푹 꺼지는 착석감은 스펀지 보강과 밴드 보강으로 개선할 수 있습니다",인천,인천,,,인천 소파 꺼짐 복원 사례입니다. 오래 사용하면서 스펀지가 사그러지고 밴드 장력이 약해져 착석감이 푹 꺼졌던 소파를 스펀지 보강과 밴드 보강으로 복원했습니다. 새 소파를 구매하기 전에 현재 상태를 먼저 확인해보는 것이 중요합니다.,,스프링,인천 소파 꺼짐 복원 사례입니다,스펀지,,,,1,0,1,/images/cases/case-076-beforee.jpg,,/images/cases/case-076-afterr.jpg,인천 소파 꺼짐 복원 사례입니다. 오래 사용하면서 스펀지가 사그러지고 밴드 장력이 약해져 착석감이 푹 꺼졌던 소파를 스펀지 보강과 밴드 보강으로 복원했습니다. 새 소파를 구매하기 전에 현재 상태를 먼저 확인해보는 것이 중요합니다.,소파 꺼짐,소파 복원|소파 수리|스펀지 보강|밴드 보강|소파 스펀지|소파 탄성|착석감 개선|인천 소파 복원|인천 소파 수리|인천 소파 꺼짐|인천 소파 스펀지 보강|인천 소파 밴드 보강|소파 쿠션 꺼짐|소파 쿠션 복원|소파 쿠션 수리|가구 복원|인천 가구 수리|리스토리 스튜디오,case-076,/cases/case-076,https://www.restorystudio.co.kr/cases/case-076,사진 보내주시면 먼저 상태를 확인해드리겠습니다.,2026-07-05,lib/case-data.tsx
case-075,싱크대 수리,싱크대 수리,싱크대 수리,"신림동 싱크대 상부장 처짐, 문이 안 맞기 시작했다면 수리가 필요한 신호입니다",서울 관악구 신림동,서울,관악구,신림동,서울 관악구 신림동 싱크대 상부장 처짐 수리 사례입니다. 문이 잘 닫히지 않거나 상부장 틈이 벌어졌다면 경첩만의 문제가 아닐 수 있습니다. 상부장 고정 상태와 시공목을 먼저 확인해야 안전하게 사용할 수 있습니다.,,시공목|습기|경첩|PB|합판|처짐|추락,서울 관악구 신림동 싱크대 상부장 처짐 수리 사례입니다,시공목|PB|합판,,,,1,0,1,/images/cases/case-075-before.jpg,,/images/cases/case-075-after.jpg,서울 관악구 신림동 싱크대 상부장 처짐 수리 사례입니다. 문이 잘 닫히지 않거나 상부장 틈이 벌어졌다면 경첩만의 문제가 아닐 수 있습니다. 상부장 고정 상태와 시공목을 먼저 확인해야 안전하게 사용할 수 있습니다.,싱크대 상부장 처짐,싱크대 상부장 수리|싱크대 상부장 내려앉음|싱크대 상부장 흔들림|싱크대 상부장 기울어짐|상부장 추락|상부장 보강|합판 시공목|시공목|주방 상부장 수리|싱크대 수리|서울 관악구|신림동|신림동 싱크대 상부장 처짐|신림동 싱크대 상부장 수리|신림동 상부장 내려앉음|신림동 상부장 흔들림|신림동 상부장 기울어짐|신림동 상부장 추락|신림동 상부장 보강,case-075,/cases/case-075,https://www.restorystudio.co.kr/cases/case-075,사진 보내주시면 먼저 상태를 확인해드리겠습니다.,2026-07-01,lib/case-data.tsx
case-074,싱크대 수리,싱크대 수리,싱크대 수리,"신림동 싱크대 상부장 처짐, 떨어지기 전에 시공목부터 확인해야 합니다",서울 관악구 신림동,서울,관악구,신림동,서울 관악구 신림동 싱크대 상부장 처짐 수리 사례입니다. 상부장이 앞으로 기울어지거나 문이 맞지 않는다면 단순 나사 조임으로 해결되지 않을 수 있습니다. 시공목과 고정 상태를 먼저 확인한 후 안전하게 보강하는 것이 중요합니다.,,시공목|습기|PB|합판|처짐|추락,서울 관악구 신림동 싱크대 상부장 처짐 수리 사례입니다,시공목|PB|합판,,,,1,0,1,/images/cases/case-074-before.jpg,,/images/cases/case-074-after.jpg,서울 관악구 신림동 싱크대 상부장 처짐 수리 사례입니다. 상부장이 앞으로 기울어지거나 문이 맞지 않는다면 단순 나사 조임으로 해결되지 않을 수 있습니다. 시공목과 고정 상태를 먼저 확인한 후 안전하게 보강하는 것이 중요합니다.,싱크대 상부장 처짐,싱크대 상부장 수리|상부장 내려앉음|상부장 추락|주방 상부장 수리|싱크대 수리|시공목|합판 시공목|상부장 보강|상부장 흔들림|상부장 기울어짐|서울 관악구|신림동|신림동 싱크대 상부장 처짐|신림동 싱크대 상부장 수리|신림동 상부장 내려앉음|신림동 상부장 추락|신림동 주방 상부장 수리|신림동 싱크대 수리|신림동 시공목,case-074,/cases/case-074,https://www.restorystudio.co.kr/cases/case-074,사진 보내주시면 먼저 상태를 확인해드리겠습니다.,2026-07-01,lib/case-data.tsx
case-073,싱크대 리폼,싱크대 리폼,싱크대 리폼,"광명 싱크대 문짝 교체, 도어 리폼 전에 몸통 상태부터 확인해야 합니다",경기 광명,경기,광명,,"경기 광명 싱크대 문짝 교체 및 도어 리폼 문의 사례입니다. 주방이 오래돼 보이거나 문짝 필름 들뜸, 변색이 있다면 전체 교체 전에 몸통 상태와 경첩, 문짝 규격을 먼저 확인하는 것이 중요합니다.",,물|경첩,경기 광명 싱크대 문짝 교체 및 도어 리폼 문의 사례입니다,PET,,,,1,0,1,/images/cases/case-073-before.jpg,,/images/cases/case-073-after.png,"경기 광명 싱크대 문짝 교체 및 도어 리폼 문의 사례입니다. 주방이 오래돼 보이거나 문짝 필름 들뜸, 변색이 있다면 전체 교체 전에 몸통 상태와 경첩, 문짝 규격을 먼저 확인하는 것이 중요합니다.",싱크대 문짝 교체,싱크대 도어 교체|주방 문짝 교체|싱크대 리폼|싱크대 도어 리폼|주방 리폼|문짝만 교체|싱크대 필름 들뜸|싱크대 문짝 제작|싱크대 경첩|싱크대 몸통|경기 광명|광명 싱크대 문짝 교체|광명 싱크대 도어 교체|광명 주방 문짝 교체|광명 싱크대 리폼|광명 싱크대 도어 리폼|광명 문짝만 교체|광명 싱크대 필름 들뜸|광명 주방 리폼,case-073,/cases/case-073,https://www.restorystudio.co.kr/cases/case-073,사진 보내주시면 먼저 상태를 확인해드리겠습니다.,2026-06-30,lib/case-data.tsx
case-072,싱크대 리폼,싱크대 리폼,싱크대 리폼,"부천 싱크대 문짝 교체, 전체 공사 전에 몸통 상태부터 확인해야 합니다",경기 부천,경기,부천,,"경기 부천 싱크대 문짝 교체 문의 사례입니다. 주방이 오래돼 보이고 문짝 필름 들뜸이나 색상 노후가 있다면 전체 공사 전에 기존 몸통, 경첩 위치, 문짝 규격을 먼저 확인해야 합니다.",,물|경첩,경기 부천 싱크대 문짝 교체 문의 사례입니다,,,,,1,0,1,/images/cases/case-072-before.png,,/images/cases/case-072-after.png,"경기 부천 싱크대 문짝 교체 문의 사례입니다. 주방이 오래돼 보이고 문짝 필름 들뜸이나 색상 노후가 있다면 전체 공사 전에 기존 몸통, 경첩 위치, 문짝 규격을 먼저 확인해야 합니다.",싱크대 문짝 교체,주방 문짝 교체|싱크대 리폼|문짝만 교체|싱크대 도어 교체|싱크대 필름 들뜸|주방 리폼|주방 문짝 리폼|싱크대 문짝 리폼|싱크대 문짝 색상|싱크대 경첩|싱크대 손잡이|싱크대 몸통|경기 부천|부천 싱크대 문짝 교체|부천 주방 문짝 교체|부천 싱크대 리폼|부천 문짝만 교체|부천 싱크대 도어 교체|부천 싱크대 필름 들뜸,case-072,/cases/case-072,https://www.restorystudio.co.kr/cases/case-072,사진 보내주시면 먼저 상태를 확인해드리겠습니다.,2026-06-29,lib/case-data.tsx
case-071,싱크대 수리,상부장 처짐,상부장 처짐,"여의도 싱크대 상부장 처짐, 나사만 조이면 된다고 생각하셨나요?",서울 여의도,서울,여의도,,서울 여의도 아파트 싱크대 상부장이 시공목 손상으로 앞으로 기울어지고 흔들리던 사례입니다. 합판 시공목 보강 후 상부장을 다시 고정해 교체 없이 안전하게 사용할 수 있도록 복원했습니다.,,시공목|경첩|합판|처짐,합판 시공목 보강 후 상부장을 다시 고정해 교체 없이 안전하게 사용할 수 있도록 복원했습니다,시공목|합판,,,,1,0,1,/images/cases/case-071-before.jpg,,/images/cases/case-071-after.png,서울 여의도 아파트 싱크대 상부장이 시공목 손상으로 앞으로 기울어지고 흔들리던 사례입니다. 합판 시공목 보강 후 상부장을 다시 고정해 교체 없이 안전하게 사용할 수 있도록 복원했습니다.,싱크대 상부장 처짐,싱크대 상부장 수리|상부장 처짐|상부장 수리|상부장 흔들림|상부장 내려앉음|상부장 추락|주방 상부장|주방 상부장 수리|시공목|시공목 보강|합판 시공목|버팀목|서울 여의도|여의도 싱크대 상부장 처짐|여의도 싱크대 상부장 수리|여의도 상부장 수리|여의도 상부장 흔들림|여의도 상부장 내려앉음|여의도 상부장 추락,case-071,/cases/case-071,https://www.restorystudio.co.kr/cases/case-071,사진 보내주시면 먼저 상태를 확인해드리겠습니다.,2026-06-26,lib/case-data.tsx
case-070,가죽 리폼,의자 천갈이,의자 천갈이,"강서구 화곡동 식당 의자 가죽 천갈이, 중국산 저가 가죽? 결국 다시 찢어집니다",서울 강서구 화곡동,서울,강서구,화곡동,"서울 강서구 화곡동 식당 의자 8개의 좌판 가죽이 찢어지고 표면이 까져 천갈이를 진행한 사례입니다. 중국산 저가 가죽의 코팅 벗겨짐과 갈라짐 문제를 확인한 뒤, 좌판만 새 가죽으로 교체해 다시 사용할 수 있도록 정리했습니다.",,코팅|가죽,서울 강서구 화곡동 식당 의자 8개의 좌판 가죽이 찢어지고 표면이 까져 천갈이를 진행한 사례입니다,가죽,,,,1,0,1,/images/cases/case-070-before.jpg,,/images/cases/case-070-after.jpg,"서울 강서구 화곡동 식당 의자 8개의 좌판 가죽이 찢어지고 표면이 까져 천갈이를 진행한 사례입니다. 중국산 저가 가죽의 코팅 벗겨짐과 갈라짐 문제를 확인한 뒤, 좌판만 새 가죽으로 교체해 다시 사용할 수 있도록 정리했습니다.",의자 천갈이,식당 의자 천갈이|의자 가죽교체|좌판 가죽교체|업소용 의자 천갈이|중국산 가죽|가죽 까짐|가죽 찢어짐|서울 강서구|강서구 의자 천갈이|화곡동 의자 천갈이|화곡동 식당 의자 천갈이,case-070,/cases/case-070,https://www.restorystudio.co.kr/cases/case-070,사진 보내주시면 먼저 상태를 확인해드리겠습니다.,2026-06-18,lib/case-data.tsx
case-069,가죽 리폼,의자 천갈이,의자 천갈이,잠실 산후조리원 의자 천갈이 가죽교체 리폼 후기,서울 잠실,서울,잠실,,서울 잠실 산후조리원 의자의 가죽이 갈라지고 코팅이 벗겨져 천갈이를 진행한 사례입니다. 기존 가죽을 제거한 뒤 가저온 국내산 미라노 가죽으로 교체해 깔끔하고 오래 사용할 수 있도록 개선했습니다.,,코팅|가죽,서울 잠실 산후조리원 의자의 가죽이 갈라지고 코팅이 벗겨져 천갈이를 진행한 사례입니다,가죽,,,,1,0,1,/images/cases/case-069-before.jpg,,/images/cases/case-069-after.jpg,서울 잠실 산후조리원 의자의 가죽이 갈라지고 코팅이 벗겨져 천갈이를 진행한 사례입니다. 기존 가죽을 제거한 뒤 가저온 국내산 미라노 가죽으로 교체해 깔끔하고 오래 사용할 수 있도록 개선했습니다.,의자 천갈이,가죽 갈라짐|의자 가죽교체|의자 리폼|산후조리원 의자|국내산 가죽|서울 잠실|잠실 의자 천갈이|잠실 의자 가죽 교체|잠실 업소용 의자 천갈이,case-069,/cases/case-069,https://www.restorystudio.co.kr/cases/case-069,사진 보내주시면 먼저 상태를 확인해드리겠습니다.,2026-06-17,lib/case-data.tsx
case-068,가죽 리폼,붙박이 소파 천갈이,붙박이 소파 천갈이,"인천 청라 붙박이 소파 의자 천갈이, 고객이 인상 썼던 이유",인천 청라,인천,청라,,인천 청라 음식점 붙박이 소파 의자의 가죽이 벗겨지고 갈라져 천갈이를 진행한 사례입니다. 고객들이 불편함을 느끼던 공간을 가죽 교체만으로 깔끔하게 개선했습니다.,,가죽,인천 청라 음식점 붙박이 소파 의자의 가죽이 벗겨지고 갈라져 천갈이를 진행한 사례입니다,가죽|인조가죽,,,,1,0,1,/images/cases/case-068-before.jpg,,/images/cases/case-068-after.jpg,인천 청라 음식점 붙박이 소파 의자의 가죽이 벗겨지고 갈라져 천갈이를 진행한 사례입니다. 고객들이 불편함을 느끼던 공간을 가죽 교체만으로 깔끔하게 개선했습니다.,붙박이 소파 천갈이,붙박이 의자 천갈이|붙박이 소파 가죽 교체|붙박이 의자 가죽 교체|업소용 소파 천갈이|업소용 의자 천갈이|가죽 리폼|인조가죽 교체|인천 청라|청라 붙박이 소파 천갈이|청라 붙박이 의자 천갈이|청라 소파 가죽 교체|청라 의자 가죽 교체|청라 업소용 소파 리폼|청라 붙박이 소파 수리,case-068,/cases/case-068,https://www.restorystudio.co.kr/cases/case-068,사진 보내주시면 먼저 상태를 확인해드리겠습니다.,2026-06-15,lib/case-data.tsx
case-067,소파 복원,소파 복원,소파 복원,"영등포구 소파 쿠션 꺼짐 복원, 안에 쓰레기가 나온 현장",서울 영등포구,서울,영등포구,,"서울 영등포구 가정용 소파의 좌방석이 심하게 꺼져 복원을 진행한 사례입니다. 내부를 분해해 보니 임시방편으로 넣어둔 각종 자재와 폐기물이 발견되었고, 정석적인 복원 작업으로 착석감을 개선했습니다.",,물|쿠션,서울 영등포구 가정용 소파의 좌방석이 심하게 꺼져 복원을 진행한 사례입니다,스펀지,,,,1,0,1,/images/cases/case-067-before.jpg,,/images/cases/case-067-after.jpg,"서울 영등포구 가정용 소파의 좌방석이 심하게 꺼져 복원을 진행한 사례입니다. 내부를 분해해 보니 임시방편으로 넣어둔 각종 자재와 폐기물이 발견되었고, 정석적인 복원 작업으로 착석감을 개선했습니다.",소파 쿠션 꺼짐,소파 복원|소파 수리|소파 방석 꺼짐|소파 쿠션 복원|가죽 소파 수리|패브릭 소파 수리|소파 꺼짐 수리|영등포구|영등포 소파 복원|영등포 소파 수리|영등포 소파 쿠션 꺼짐|영등포 소파 방석 꺼짐|영등포 소파 복원 업체|서울 소파 복원,case-067,/cases/case-067,https://www.restorystudio.co.kr/cases/case-067,사진 보내주시면 먼저 상태를 확인해드리겠습니다.,2026-06-15,lib/case-data.tsx
case-066,싱크대 수리,상부장 처짐,상부장 처짐,"관악구 신림동 싱크대 상부장 처짐 수리, 떨어지고 나서 후회하지 마세요",서울 관악구 신림동,서울,관악구,신림동,서울 관악구 신림동 주방 싱크대 상부장이 앞으로 기울어지고 흔들리던 사례입니다. 합판 시공목 보강과 체결 부위 재고정 작업으로 추락 위험을 줄이고 안전하게 복원했습니다.,,시공목|합판|처짐|추락,합판 시공목 보강과 체결 부위 재고정 작업으로 추락 위험을 줄이고 안전하게 복원했습니다,합판|시공목,,,,1,0,1,/images/cases/case-066-before.jpg,,/images/cases/case-066-after.jpg,서울 관악구 신림동 주방 싱크대 상부장이 앞으로 기울어지고 흔들리던 사례입니다. 합판 시공목 보강과 체결 부위 재고정 작업으로 추락 위험을 줄이고 안전하게 복원했습니다.,상부장 수리,상부장 처짐|싱크대 상부장 수리|싱크대 상부장 처짐|상부장 흔들림|상부장 추락|상부장 내려앉음|상부장 보강|관악구|신림동|관악구 상부장 수리|신림동 상부장 수리|신림동 싱크대 수리|신림동 싱크대 상부장 처짐|신림동 상부장 추락,case-066,/cases/case-066,https://www.restorystudio.co.kr/cases/case-066,사진 보내주시면 먼저 상태를 확인해드리겠습니다.,2026-06-15,lib/case-data.tsx
case-065,싱크대 수리,상부장 처짐,상부장 처짐,"서대문구 홍제동 싱크대 상부장 처짐 수리 사례, 떨어지길 기다리시나요?",서울 서대문구 홍제동,서울,서대문구,홍제동,서울 서대문구 홍제동 주방 싱크대 상부장이 앞으로 기울어지고 흔들리던 사례입니다. 합판 시공목 보강과 체결 부위 재고정 작업으로 추락 위험을 줄이고 안전하게 복원했습니다.,,시공목|합판|처짐|추락,합판 시공목 보강과 체결 부위 재고정 작업으로 추락 위험을 줄이고 안전하게 복원했습니다,합판|시공목,,,,1,0,1,/images/cases/case-065-before.jpg,,/images/cases/case-065-after.jpg,서울 서대문구 홍제동 주방 싱크대 상부장이 앞으로 기울어지고 흔들리던 사례입니다. 합판 시공목 보강과 체결 부위 재고정 작업으로 추락 위험을 줄이고 안전하게 복원했습니다.,상부장 수리,상부장 처짐|싱크대 상부장 수리|싱크대 상부장 처짐|상부장 흔들림|상부장 추락|상부장 내려앉음|상부장 보강|서대문구|홍제동|서대문구 상부장 수리|홍제동 상부장 수리|홍제동 싱크대 수리|홍제동 싱크대 상부장 처짐|홍제동 상부장 추락,case-065,/cases/case-065,https://www.restorystudio.co.kr/cases/case-065,사진 보내주시면 먼저 상태를 확인해드리겠습니다.,2026-06-15,lib/case-data.tsx
case-064,가죽 리폼,의자 천갈이,의자 천갈이,"인천 아라동 식탁의자 가죽교체 천갈이, 의자 바꾸기 전에 보세요",인천 아라동,인천,아라동,,인천 아라동 식탁의자 가죽이 심하게 벗겨져 새 의자를 알아보던 고객님의 사례입니다. 가죽 교체만으로 비용 부담을 줄이고 깔끔하게 복원할 수 있었습니다.,,가죽,가죽 교체만으로 비용 부담을 줄이고 깔끔하게 복원할 수 있었습니다,가죽|인조가죽,,,,1,0,1,/images/cases/case-064-before.jpg,,/images/cases/case-064-after.jpg,인천 아라동 식탁의자 가죽이 심하게 벗겨져 새 의자를 알아보던 고객님의 사례입니다. 가죽 교체만으로 비용 부담을 줄이고 깔끔하게 복원할 수 있었습니다.,식탁의자 가죽 교체,식탁의자 천갈이|의자 가죽 교체|의자 천갈이|식탁의자 리폼|가죽 벗겨짐|의자 복원|인조가죽 교체|인천 아라동|아라동 식탁의자 가죽 교체|아라동 식탁의자 천갈이|아라동 의자 가죽 교체|아라동 의자 천갈이|아라동 식탁의자 리폼|인천 의자 천갈이,case-064,/cases/case-064,https://www.restorystudio.co.kr/cases/case-064,사진 보내주시면 먼저 상태를 확인해드리겠습니다.,2026-06-15,lib/case-data.tsx
case-063,가죽 리폼,의자 천갈이,의자 천갈이,"계산동 식탁의자 가죽교체 천갈이, 싼 가죽이 좋을까?",인천 계산동,인천,계산동,,인천 계산동 식탁의자 가죽이 갈라지고 벗겨져 천갈이를 진행한 사례입니다. 천갈이 비용만 보고 결정하기보다 가죽 품질이 중요한 이유를 소개합니다.,,물|가죽,인천 계산동 식탁의자 가죽이 갈라지고 벗겨져 천갈이를 진행한 사례입니다,가죽|인조가죽,,,,1,0,1,/images/cases/case-063-before.jpeg,,/images/cases/case-063-after.jpeg,인천 계산동 식탁의자 가죽이 갈라지고 벗겨져 천갈이를 진행한 사례입니다. 천갈이 비용만 보고 결정하기보다 가죽 품질이 중요한 이유를 소개합니다.,식탁의자 가죽 교체,식탁의자 천갈이|의자 가죽 교체|의자 천갈이|식탁의자 리폼|가죽 벗겨짐|인조가죽 교체|의자 리폼|인천 계산동|계산동 식탁의자 가죽 교체|계산동 식탁의자 천갈이|계산동 의자 가죽 교체|계산동 의자 천갈이|계산동 식탁의자 리폼|인천 의자 천갈이,case-063,/cases/case-063,https://www.restorystudio.co.kr/cases/case-063,사진 보내주시면 먼저 상태를 확인해드리겠습니다.,2026-06-15,lib/case-data.tsx
case-062,가죽 리폼,의자 천갈이,의자 천갈이,"영종도 의자 천갈이 가죽교체, 업자가 말하는 손해보는 방법",인천 영종도,인천,영종도,,인천 영종도 업소용 의자의 가죽이 벗겨지고 갈라져 천갈이를 진행한 사례입니다. 의자 천갈이를 맡길 때 많은 분들이 놓치는 부분과 비용을 아끼려다 오히려 손해보는 이유를 소개합니다.,,물|가죽,인천 영종도 업소용 의자의 가죽이 벗겨지고 갈라져 천갈이를 진행한 사례입니다,가죽|스펀지|인조가죽,,,,1,0,1,/images/cases/case-062-before.jpeg,,/images/cases/case-062-after.jpeg,인천 영종도 업소용 의자의 가죽이 벗겨지고 갈라져 천갈이를 진행한 사례입니다. 의자 천갈이를 맡길 때 많은 분들이 놓치는 부분과 비용을 아끼려다 오히려 손해보는 이유를 소개합니다.,의자 천갈이,의자 가죽 교체|업소용 의자 천갈이|업소용 의자 가죽 교체|의자 리폼|인조가죽 천갈이|인조가죽 교체|식탁의자 천갈이|인천 영종도|영종도 의자 천갈이|영종도 의자 가죽 교체|영종도 업소용 의자 천갈이|영종도 업소용 의자 리폼|영종도 인조가죽 교체|영종도 의자 수리,case-062,/cases/case-062,https://www.restorystudio.co.kr/cases/case-062,사진 보내주시면 먼저 상태를 확인해드리겠습니다.,2026-06-15,lib/case-data.tsx
case-061,가죽 리폼,의자 천갈이,의자 천갈이,"주안 벤치의자 천갈이, 중국산 가죽이 싼 이유",인천 주안,인천,주안,,인천 주안 업소용 벤치의자의 가죽이 갈라지고 벗겨져 천갈이를 진행한 사례입니다. 단순히 가격만 비교하기보다 가죽의 내구성과 품질이 중요한 이유를 소개합니다.,,물|가죽,인천 주안 업소용 벤치의자의 가죽이 갈라지고 벗겨져 천갈이를 진행한 사례입니다,가죽|인조가죽,,,,1,0,1,/images/cases/case-061-before.jpeg,,/images/cases/case-061-after.jpg,인천 주안 업소용 벤치의자의 가죽이 갈라지고 벗겨져 천갈이를 진행한 사례입니다. 단순히 가격만 비교하기보다 가죽의 내구성과 품질이 중요한 이유를 소개합니다.,벤치의자 천갈이,벤치의자 가죽 교체|업소용 벤치의자|벤치의자 리폼|인조가죽 천갈이|인조가죽 교체|업소용 의자 천갈이|의자 가죽 교체|인천 주안|주안 벤치의자 천갈이|주안 벤치의자 가죽 교체|주안 업소용 벤치의자|주안 인조가죽 교체|주안 의자 천갈이|주안 벤치의자 리폼,case-061,/cases/case-061,https://www.restorystudio.co.kr/cases/case-061,사진 보내주시면 먼저 상태를 확인해드리겠습니다.,2026-06-15,lib/case-data.tsx
case-060,가죽 리폼,의자 천갈이,의자 천갈이,"강남 역삼동 사우나 벤치의자 천갈이, 고객님들이 인상 쓰던 이유",강남 역삼동,강남,역삼동,,강남 역삼동 사우나 탈의실 벤치의자의 인조가죽이 벗겨지고 갈라져 이용 고객들의 불만이 발생했던 사례입니다. 인조가죽 천갈이 작업으로 쾌적한 공간을 복원했습니다.,,습기|가죽,인조가죽 천갈이 작업으로 쾌적한 공간을 복원했습니다,인조가죽|가죽,,,,1,0,1,/images/cases/case-060-beforee.jpeg,,/images/cases/case-060-after.jpeg,강남 역삼동 사우나 탈의실 벤치의자의 인조가죽이 벗겨지고 갈라져 이용 고객들의 불만이 발생했던 사례입니다. 인조가죽 천갈이 작업으로 쾌적한 공간을 복원했습니다.,벤치의자 천갈이,벤치의자 가죽 교체|사우나 벤치의자|탈의실 벤치의자|업소용 벤치의자|인조가죽 천갈이|인조가죽 교체|벤치의자 리폼|강남 역삼동|역삼동 벤치의자 천갈이|역삼동 벤치의자 가죽 교체|역삼동 탈의실 벤치의자|역삼동 사우나 벤치의자|강남 벤치의자 천갈이|강남 업소용 벤치의자 리폼|강남 의자 천갈이,case-060,/cases/case-060,https://www.restorystudio.co.kr/cases/case-060,사진 보내주시면 먼저 상태를 확인해드리겠습니다.,2026-06-15,lib/case-data.tsx
case-059,가죽 리폼,의자 천갈이,의자 천갈이,"잠실 의자 천갈이 가죽교체 업체, 아직도 중국산 가죽 쓰세요?",서울 잠실,서울,잠실,,의자 천갈이 가격만 비교하다 보면 오히려 손해를 볼 수 있습니다. 잠실 의자 천갈이 가죽교체 업체 리스토리가 가죽 선택이 중요한 이유와 오래 사용하는 방법을 소개합니다.,,물|가죽,의자 천갈이 가격만 비교하다 보면 오히려 손해를 볼 수 있습니다,가죽|스펀지,,,,1,0,1,/images/cases/case-059-before.jpeg,,/images/cases/case-059-after.jpg,의자 천갈이 가격만 비교하다 보면 오히려 손해를 볼 수 있습니다. 잠실 의자 천갈이 가죽교체 업체 리스토리가 가죽 선택이 중요한 이유와 오래 사용하는 방법을 소개합니다.,의자 천갈이,의자 가죽 교체|식탁의자 천갈이|식탁의자 가죽 교체|업소용 의자 천갈이|업소용 의자 가죽 교체|의자 리폼|가죽 교체 업체|잠실|잠실 의자 천갈이|잠실 의자 가죽 교체|잠실 식탁의자 천갈이|잠실 식탁의자 가죽 교체|잠실 의자 리폼|잠실 가죽 교체 업체,case-059,/cases/case-059,https://www.restorystudio.co.kr/cases/case-059,사진 보내주시면 먼저 상태를 확인해드리겠습니다.,2026-06-15,lib/case-data.tsx
case-058,싱크대 수리,상부장 처짐,상부장 처짐,"목동 싱크대 상부장 처짐, 떨어지기 전에 수리하세요",서울 목동,서울,목동,,서울 목동 아파트 주방 싱크대 상부장이 앞으로 기울어지고 흔들리던 사례입니다. 합판 시공목 보강과 체결 부위 재고정 작업으로 추락 위험을 줄이고 안전하게 복원했습니다.,,시공목|합판|처짐|추락,합판 시공목 보강과 체결 부위 재고정 작업으로 추락 위험을 줄이고 안전하게 복원했습니다,합판|시공목,,,,1,0,1,/images/cases/case-058-before.jpg,,/images/cases/case-058-after.jpg,서울 목동 아파트 주방 싱크대 상부장이 앞으로 기울어지고 흔들리던 사례입니다. 합판 시공목 보강과 체결 부위 재고정 작업으로 추락 위험을 줄이고 안전하게 복원했습니다.,상부장 수리,상부장 처짐|싱크대 상부장 수리|싱크대 상부장 처짐|상부장 흔들림|상부장 추락|상부장 보강|상부장 내려앉음|서울 목동|목동 상부장 수리|목동 싱크대 수리|목동 싱크대 상부장 처짐|목동 상부장 흔들림|목동 상부장 추락|목동 주방 상부장 수리|목동 상부장 보강,case-058,/cases/case-058,https://www.restorystudio.co.kr/cases/case-058,사진 보내주시면 먼저 상태를 확인해드리겠습니다.,2026-06-15,lib/case-data.tsx
case-057,가죽 리폼,의자 천갈이,의자 천갈이,"인천 주안 식탁의자 가죽 교체, 의자 버리지 마세요",인천 주안,인천,주안,,인천 주안 식탁의자 가죽이 갈라지고 벗겨져 보기 싫었던 사례입니다. 의자 프레임은 멀쩡한 상태여서 가죽만 교체해 새 의자 같은 모습으로 복원했습니다.,,가죽,의자 프레임은 멀쩡한 상태여서 가죽만 교체해 새 의자 같은 모습으로 복원했습니다,가죽|인조가죽,,,,1,0,1,/images/cases/case-057-before.jpeg,,/images/cases/case-057-after.jpeg,인천 주안 식탁의자 가죽이 갈라지고 벗겨져 보기 싫었던 사례입니다. 의자 프레임은 멀쩡한 상태여서 가죽만 교체해 새 의자 같은 모습으로 복원했습니다.,식탁의자 가죽 교체,의자 가죽 교체|식탁의자 천갈이|의자 천갈이|가죽 벗겨짐|의자 리폼|식탁의자 수리|인조가죽 교체|인천 주안 의자 가죽 교체|인천 주안 식탁의자 가죽 교체|인천 주안 식탁의자 천갈이|인천 주안 의자 천갈이|인천 주안 의자 리폼|인천 주안 식탁의자 수리|인천 의자 천갈이,case-057,/cases/case-057,https://www.restorystudio.co.kr/cases/case-057,사진 보내주시면 먼저 상태를 확인해드리겠습니다.,2026-06-15,lib/case-data.tsx
case-056,가죽 리폼,의자 천갈이,의자 천갈이,"일산 식탁의자 천갈이 가죽 교체, 새로 사면 손해보는 이유",일산,일산,,,일산 식탁의자 가죽이 벗겨지고 갈라져 새 의자를 구매하려던 고객님의 사례입니다. 의자 프레임은 멀쩡해 가죽만 교체하는 천갈이 작업으로 비용을 절약하고 새 의자 같은 모습으로 복원했습니다.,,가죽,의자 프레임은 멀쩡해 가죽만 교체하는 천갈이 작업으로 비용을 절약하고 새 의자 같은 모습으로 복원했습니다,가죽|인조가죽,,,,1,0,1,/images/cases/case-056-before.png,,/images/cases/case-056-after.jpg,일산 식탁의자 가죽이 벗겨지고 갈라져 새 의자를 구매하려던 고객님의 사례입니다. 의자 프레임은 멀쩡해 가죽만 교체하는 천갈이 작업으로 비용을 절약하고 새 의자 같은 모습으로 복원했습니다.,식탁의자 천갈이,식탁의자 가죽 교체|의자 천갈이|의자 가죽 교체|식탁의자 리폼|가죽 벗겨짐|인조가죽 교체|의자 수리|일산|일산 식탁의자 천갈이|일산 의자 천갈이|일산 식탁의자 가죽 교체|일산 의자 가죽 교체|일산 의자 리폼|일산 가죽 교체,case-056,/cases/case-056,https://www.restorystudio.co.kr/cases/case-056,사진 보내주시면 먼저 상태를 확인해드리겠습니다.,2026-06-15,lib/case-data.tsx
case-055,싱크대 리폼,싱크대 리폼,싱크대 리폼,인천 송도 주방 문짝 맞춤 제작 교체 사례,인천 송도,인천,송도,,"인천 송도 아파트 주방 문짝이 노후화와 기름때, 표면 손상으로 미관이 떨어져 맞춤 제작 후 교체한 사례입니다. 전체 가구를 교체하지 않고 문짝만 교체해 깔끔하게 복원했습니다.",,경첩,"인천 송도 아파트 주방 문짝이 노후화와 기름때, 표면 손상으로 미관이 떨어져 맞춤 제작 후 교체한 사례입니다",,,,,1,0,1,/images/cases/case-055-before.jpg,,/images/cases/case-055-after.jpg,"인천 송도 아파트 주방 문짝이 노후화와 기름때, 표면 손상으로 미관이 떨어져 맞춤 제작 후 교체한 사례입니다. 전체 가구를 교체하지 않고 문짝만 교체해 깔끔하게 복원했습니다.",주방 문짝 교체,주방 문짝 제작|주방 문짝 맞춤 제작|주방 문 교체|문짝 교체|문짝 제작|가구 문짝 교체|가구 리폼|인천 송도|송도 주방 문짝 교체|송도 주방 문짝 제작|송도 주방 문 교체|송도 문짝 교체|송도 가구 리폼|송도 맞춤 제작 문짝,case-055,/cases/case-055,https://www.restorystudio.co.kr/cases/case-055,사진 보내주시면 먼저 상태를 확인해드리겠습니다.,2026-06-15,lib/case-data.tsx
case-054,싱크대 수리,상부장 처짐,상부장 처짐,김포 싱크대 상부장 처짐 수리 사례,김포,김포,,,김포 주방 싱크대 상부장이 앞으로 기울어지고 흔들리는 증상이 발생한 사례입니다. 합판 시공목 보강과 체결 부위 재고정 작업으로 추락 위험을 줄이고 안전하게 복원했습니다.,,시공목|합판|처짐|추락,합판 시공목 보강과 체결 부위 재고정 작업으로 추락 위험을 줄이고 안전하게 복원했습니다,합판|시공목,,,,1,0,1,/images/cases/case-054-before.jpg,,/images/cases/case-054-after.jpg,김포 주방 싱크대 상부장이 앞으로 기울어지고 흔들리는 증상이 발생한 사례입니다. 합판 시공목 보강과 체결 부위 재고정 작업으로 추락 위험을 줄이고 안전하게 복원했습니다.,상부장 수리,상부장 처짐|싱크대 상부장 수리|싱크대 상부장 처짐|상부장 추락|상부장 보강|상부장 내려앉음|김포|김포 상부장 수리|김포 싱크대 수리|김포 싱크대 상부장 처짐|김포 상부장 추락|김포 주방 상부장 수리|김포 상부장 보강|김포 상부장 내려앉음,case-054,/cases/case-054,https://www.restorystudio.co.kr/cases/case-054,사진 보내주시면 먼저 상태를 확인해드리겠습니다.,2026-06-15,lib/case-data.tsx
case-053,가죽 리폼,의자 천갈이,의자 천갈이,인천 송도 회사 휴게실 의자 인조가죽 천갈이 사례,인천 송도,인천,송도,,오랜 사용으로 인조가죽이 벗겨지고 조각이 떨어져 나오던 회사 휴게실 의자 32개를 천갈이한 사례입니다. 기존 가죽을 전부 제거하고 새 인조가죽으로 교체해 당일 4시간 만에 작업을 완료했습니다.,,가죽|쿠션,오랜 사용으로 인조가죽이 벗겨지고 조각이 떨어져 나오던 회사 휴게실 의자 32개를 천갈이한 사례입니다,인조가죽|가죽,,,,1,0,1,/images/cases/case-053-before.jpg,,/images/cases/case-053-after.jpg,오랜 사용으로 인조가죽이 벗겨지고 조각이 떨어져 나오던 회사 휴게실 의자 32개를 천갈이한 사례입니다. 기존 가죽을 전부 제거하고 새 인조가죽으로 교체해 당일 4시간 만에 작업을 완료했습니다.,가죽 리폼,의자 천갈이|인조가죽 교체|의자 가죽 벗겨짐|업소용 의자 천갈이|휴게실 의자 수리|인천 송도|송도 의자 천갈이|송도 인조가죽 교체|송도 의자 가죽 교체|인천 의자 천갈이|인천 인조가죽 교체|송도 휴게실 의자 천갈이|업소용 가죽 교체|송도 업소용 의자 수리,case-053,/cases/case-053,https://www.restorystudio.co.kr/cases/case-053,사진 보내주시면 먼저 상태를 확인해드리겠습니다.,2026-06-12,lib/case-data.tsx
case-052,싱크대 수리,상부장 처짐,상부장 처짐,인천 부평 싱크대 상부장 처짐 수리 사례,인천 부평,인천,부평,,주방 상부장이 앞으로 기울어지고 흔들리는 증상이 발생한 사례입니다. 합판 시공목 보강 작업으로 추락 위험을 제거하고 안전하게 사용할 수 있도록 복원했습니다.,,시공목|합판|처짐|추락,합판 시공목 보강 작업으로 추락 위험을 제거하고 안전하게 사용할 수 있도록 복원했습니다,합판|시공목,,,,1,0,1,/images/cases/case-052-before.jpg,,/images/cases/case-052-after.jpg,주방 상부장이 앞으로 기울어지고 흔들리는 증상이 발생한 사례입니다. 합판 시공목 보강 작업으로 추락 위험을 제거하고 안전하게 사용할 수 있도록 복원했습니다.,상부장 수리,상부장 처짐|싱크대 상부장 수리|싱크대 상부장 처짐|상부장 추락|상부장 보강|상부장 내려앉음|인천 부평|부평 상부장 수리|부평 싱크대 수리|부평 싱크대 상부장 처짐|인천 싱크대 상부장 처짐|부평 상부장 추락|부평 주방 상부장 수리|부평 상부장 보강|부평 상부장 내려앉음,case-052,/cases/case-052,https://www.restorystudio.co.kr/cases/case-052,사진 보내주시면 먼저 상태를 확인해드리겠습니다.,2026-06-12,lib/case-data.tsx
case-051,가죽 리폼,의자 천갈이,의자 천갈이,부평 식탁 의자 가죽 교체 천갈이 사례,인천 부평,인천,부평,,오랜 사용으로 가죽이 벗겨지고 갈라진 식탁 의자를 천갈이한 사례입니다. 새 가죽으로 교체해 깔끔한 외관과 편안한 착석감을 되찾았습니다.,,가죽|쿠션,오랜 사용으로 가죽이 벗겨지고 갈라진 식탁 의자를 천갈이한 사례입니다,가죽|인조가죽,,,,1,0,1,/images/cases/case-051-before.jpg,,/images/cases/case-051-after.jpg,오랜 사용으로 가죽이 벗겨지고 갈라진 식탁 의자를 천갈이한 사례입니다. 새 가죽으로 교체해 깔끔한 외관과 편안한 착석감을 되찾았습니다.,가죽 리폼,가죽 벗겨짐|식탁 의자 천갈이|식탁 의자 가죽 교체|의자 천갈이|의자 가죽 교체|인천 부평|부평 의자 천갈이|부평 식탁 의자 천갈이|부평 식탁 의자 가죽 교체|부평 가죽 리폼|부평 의자 수리|부평 식탁 의자 수리|업소용 의자 천갈이|부평 식당 의자 가죽 교체,case-051,/cases/case-051,https://www.restorystudio.co.kr/cases/case-051,사진 보내주시면 먼저 상태를 확인해드리겠습니다.,2026-06-12,lib/case-data.tsx
case-050,싱크대 수리,상부장 처짐,상부장 처짐,일산 싱크대 상부장 처짐 수리,경기 고양시 일산,경기,고양시,일산,일산 아파트 주방 상부장이 앞으로 기울어지고 흔들리는 증상이 발생했습니다. 합판 시공목 보강 작업으로 추락 위험을 제거하고 안전하게 복원한 사례입니다.,,시공목|합판|처짐|추락,합판 시공목 보강 작업으로 추락 위험을 제거하고 안전하게 복원한 사례입니다,합판|시공목,,,,1,0,1,/images/cases/case-050-before.jpg,,/images/cases/case-050-after.jpg,일산 아파트 주방 상부장이 앞으로 기울어지고 흔들리는 증상이 발생했습니다. 합판 시공목 보강 작업으로 추락 위험을 제거하고 안전하게 복원한 사례입니다.,상부장 수리,상부장 처짐|싱크대 상부장 수리|싱크대 상부장 처짐|상부장 추락|상부장 보강|상부장 내려앉음|일산|일산 상부장 수리|일산 싱크대 수리|일산 싱크대 상부장 처짐|고양시 상부장 수리|고양시 싱크대 수리|일산 상부장 추락|일산 주방 상부장 수리,case-050,/cases/case-050,https://www.restorystudio.co.kr/cases/case-050,사진 보내주시면 먼저 상태를 확인해드리겠습니다.,2026-06-12,lib/case-data.tsx
case-049,가죽 리폼,의자 천갈이,의자 천갈이,강남 신사동 병원 소파 의자 가죽 천갈이,서울 강남구 신사동,서울,강남구,신사동,장기간 사용으로 가죽이 벗겨지고 오염된 병원 소파 의자를 천갈이한 사례입니다. 새 가죽으로 교체해 깔끔한 대기 공간을 조성하고 위생적인 사용 환경을 완성했습니다.,,가죽|쿠션,장기간 사용으로 가죽이 벗겨지고 오염된 병원 소파 의자를 천갈이한 사례입니다,가죽|인조가죽,,,,1,0,1,/images/cases/case-049-before.jpg,,/images/cases/case-049-after.png,장기간 사용으로 가죽이 벗겨지고 오염된 병원 소파 의자를 천갈이한 사례입니다. 새 가죽으로 교체해 깔끔한 대기 공간을 조성하고 위생적인 사용 환경을 완성했습니다.,가죽 리폼,가죽 벗겨짐|병원 의자 천갈이|병원 소파 천갈이|의자 가죽 교체|업소용 의자 수리|신사동|신사동 의자 천갈이|강남 의자 천갈이|강남 병원 의자 천갈이|강남 병원 소파 천갈이|신사동 병원 의자 천갈이|신사동 병원 소파 천갈이|병원 대기실 의자 수리|신사동 업소용 의자 천갈이 업체,case-049,/cases/case-049,https://www.restorystudio.co.kr/cases/case-049,사진 보내주시면 먼저 상태를 확인해드리겠습니다.,2026-06-12,lib/case-data.tsx
case-048,가죽 리폼,붙박이 소파 천갈이,붙박이 소파 천갈이,광명 붙박이 소파 의자 천갈이 사례,광명,광명,,,오랜 사용으로 가죽이 벗겨지고 마모된 붙박이 소파 의자를 천갈이한 사례입니다. 기존 구조는 유지하면서 새 가죽으로 교체해 깔끔한 외관과 쾌적한 사용감을 되찾았습니다.,,가죽|쿠션,오랜 사용으로 가죽이 벗겨지고 마모된 붙박이 소파 의자를 천갈이한 사례입니다,가죽|인조가죽,,,,1,0,1,/images/cases/case-048-before.jpg,,/images/cases/case-048-after.png,오랜 사용으로 가죽이 벗겨지고 마모된 붙박이 소파 의자를 천갈이한 사례입니다. 기존 구조는 유지하면서 새 가죽으로 교체해 깔끔한 외관과 쾌적한 사용감을 되찾았습니다.,가죽 리폼,가죽 벗겨짐|붙박이 소파 천갈이|붙박이 쇼파 천갈이|의자 천갈이|업소용 의자 수리|광명|광명 의자 천갈이|광명 붙박이 소파 천갈이|광명 붙박이 쇼파 천갈이|광명 가죽 리폼|광명 업소용 의자 천갈이|광명 카페 의자 천갈이|광명 식당 의자 천갈이,case-048,/cases/case-048,https://www.restorystudio.co.kr/cases/case-048,사진 보내주시면 먼저 상태를 확인해드리겠습니다.,2026-06-12,lib/case-data.tsx
case-047,소파 복원,소파 복원,소파 복원,영등포 엔틱 소파 하부 꺼짐 쿠션 보강 사례,영등포,영등포,,,오랜 사용으로 하부가 꺼지고 착석감이 무너진 엔틱 소파를 복원한 사례입니다. 내부 쿠션 보강 작업으로 탄성과 지지력을 회복해 편안하게 사용할 수 있도록 복원했습니다.,,쿠션,오랜 사용으로 하부가 꺼지고 착석감이 무너진 엔틱 소파를 복원한 사례입니다,,,,,1,0,1,/images/cases/case-047-before.jpg,,/images/cases/case-047-after.jpg,오랜 사용으로 하부가 꺼지고 착석감이 무너진 엔틱 소파를 복원한 사례입니다. 내부 쿠션 보강 작업으로 탄성과 지지력을 회복해 편안하게 사용할 수 있도록 복원했습니다.,소파 복원,소파 하부 꺼짐|엔틱 소파 수리|소파 쿠션 보강|소파 꺼짐 복원|소파 탄성 복원|영등포 쇼파 꺼짐 복원|영등포 소파 복원|영등포 소파 수리|영등포 엔틱 소파 수리|영등포 소파 쿠션 보강,case-047,/cases/case-047,https://www.restorystudio.co.kr/cases/case-047,사진 보내주시면 먼저 상태를 확인해드리겠습니다.,2026-06-10,lib/case-data.tsx
case-046,싱크대 수리,상부장 처짐,상부장 처짐,마포구 상암동 싱크대 상부장 처짐 수리 사례,상암동,상암동,,,벽체 고정력이 약해지면서 처진 싱크대 상부장을 수리한 사례입니다. 합판 시공목 보강 작업으로 추락 위험을 제거하고 안전하게 사용할 수 있도록 복원했습니다.,,시공목|합판|처짐|추락,벽체 고정력이 약해지면서 처진 싱크대 상부장을 수리한 사례입니다,합판|시공목,,,,1,0,1,/images/cases/case-046-before.jpg,,/images/cases/case-046-after.jpg,벽체 고정력이 약해지면서 처진 싱크대 상부장을 수리한 사례입니다. 합판 시공목 보강 작업으로 추락 위험을 제거하고 안전하게 사용할 수 있도록 복원했습니다.,상부장 수리,상부장 처짐|싱크대 상부장 수리|싱크대 상부장 처짐|상부장 내려앉음|상부장 보강|상암동|상암동 상부장 수리|마포구 상부장 수리|마포구 싱크대 수리|마포구 싱크대 상부장 처짐 수리,case-046,/cases/case-046,https://www.restorystudio.co.kr/cases/case-046,사진 보내주시면 먼저 상태를 확인해드리겠습니다.,2026-06-11,lib/case-data.tsx
case-045,소파 복원,소파 복원,소파 복원,서초구 소파 쿠션 꺼짐 복원 수리 사례,서초구,서초구,,,장기간 사용으로 푹 꺼진 소파 쿠션을 복원한 사례입니다. 새 소파 구매 없이 쿠션 탄성을 회복해 편안한 착석감과 깔끔한 외관을 되찾았습니다.,,가죽|쿠션,장기간 사용으로 푹 꺼진 소파 쿠션을 복원한 사례입니다,스펀지|가죽,,,,1,0,1,/images/cases/case-045-before.jpg,,/images/cases/case-045-after.jpg,장기간 사용으로 푹 꺼진 소파 쿠션을 복원한 사례입니다. 새 소파 구매 없이 쿠션 탄성을 회복해 편안한 착석감과 깔끔한 외관을 되찾았습니다.,소파 복원,소파 쿠션 꺼짐|쇼파 쿠션 꺼짐|소파 수리|쇼파 수리|소파 복원 수리|소파 탄성 복원|소파 꺼짐 복원|서초구|서초구 소파 수리|서초구 소파 복원|서초구 소파 쿠션 꺼짐|나뚜찌 소파 수리,case-045,/cases/case-045,https://www.restorystudio.co.kr/cases/case-045,사진 보내주시면 먼저 상태를 확인해드리겠습니다.,2026-06-09,lib/case-data.tsx
case-044,가죽 리폼,의자 천갈이,의자 천갈이,시흥 카페 의자 가죽 천갈이 교체 리폼 사례,시흥,시흥,,,찢어지고 벗겨진 카페 의자 가죽을 새 가죽으로 교체한 사례입니다. 매장 분위기를 해치던 노후 의자를 깔끔하게 복원해 새 의자 같은 느낌으로 리폼했습니다.,,가죽,찢어지고 벗겨진 카페 의자 가죽을 새 가죽으로 교체한 사례입니다,가죽|인조가죽,,,,1,0,1,/images/cases/case-044-before.jpeg,,/images/cases/case-044-after.jpeg,찢어지고 벗겨진 카페 의자 가죽을 새 가죽으로 교체한 사례입니다. 매장 분위기를 해치던 노후 의자를 깔끔하게 복원해 새 의자 같은 느낌으로 리폼했습니다.,가죽 리폼,카페 의자|의자 가죽 교체|의자 천갈이|카페 의자 천갈이|업소용 의자|의자 가죽 리폼|시흥|시흥 의자 천갈이|시흥 카페 의자|붙박이 의자 가죽 교체,case-044,/cases/case-044,https://www.restorystudio.co.kr/cases/case-044,사진 보내주시면 먼저 상태를 확인해드리겠습니다.,2026-06-08,lib/case-data.tsx
case-043,싱크대 리폼,싱크대 리폼,싱크대 리폼,인천 청라 싱크대 도어 상하부장 문짝 교체 리폼 사례,청라,청라,,,"오랜된 문짝 교체 리폼 사례, pet 마감으로 제로조인트로 깔끔하게 리폼. 상부장과 하부장 모두 교체로 새 주방 느낌 완성!",,,"오랜된 문짝 교체 리폼 사례, pet 마감으로 제로조인트로 깔끔하게 리폼",PET,,,,1,0,1,/images/door/before-after-8.png,,/images/door/before-after-7.png,"오랜된 문짝 교체 리폼 사례, pet 마감으로 제로조인트로 깔끔하게 리폼. 상부장과 하부장 모두 교체로 새 주방 느낌 완성!",싱크대 리폼,문짝 노후|싱크대 문짝 교체|싱크대 도어 교체|주방 문짝 교체|싱크대 문짝 제작|청라|청라 싱크대 리폼,case-043,/cases/case-043,https://www.restorystudio.co.kr/cases/case-043,사진 보내주시면 먼저 상태를 확인해드리겠습니다.,2026-06-05,lib/case-data.tsx
case-042,싱크대 수리,상부장 처짐,상부장 처짐,인천 검단 상부장 수리 사례,검단,검단,,,인천 검단 아파트 주방에서 상부장이 앞으로 기울어지는 증상이 발생했습니다. 기존 시공목과 고정부를 점검한 뒤 합판 시공목으로 보강하여 상부장 처짐 문제를 안전하게 수리한 사례입니다.,,시공목|합판|처짐|추락,기존 시공목과 고정부를 점검한 뒤 합판 시공목으로 보강하여 상부장 처짐 문제를 안전하게 수리한 사례입니다,시공목|합판,,,,1,0,1,/images/cases/case-042-before.jpg,,/images/cases/case-042-after.jpg,인천 검단 아파트 주방에서 상부장이 앞으로 기울어지는 증상이 발생했습니다. 기존 시공목과 고정부를 점검한 뒤 합판 시공목으로 보강하여 상부장 처짐 문제를 안전하게 수리한 사례입니다.,상부장 수리,상부장 처짐|싱크대 상부장 수리|싱크대 상부장 처짐|상부장 내려앉음|상부장 보강|검단|검단 상부장 수리,case-042,/cases/case-042,https://www.restorystudio.co.kr/cases/case-042,사진 보내주시면 먼저 상태를 확인해드리겠습니다.,2026-03-06,lib/case-data.tsx
case-041,싱크대 수리,상부장 처짐,상부장 처짐,"인천 부평 상부장 파손, 리폼 교체 사례",인천 부평,인천,부평,,인천 부평 주방에서 상부장이 파손되고 문짝 정렬이 틀어진 상태였습니다. 손상 부위를 보강하고 필요한 부분은 교체하여 안전하게 사용할 수 있도록 복원한 사례입니다.,,,손상 부위를 보강하고 필요한 부분은 교체하여 안전하게 사용할 수 있도록 복원한 사례입니다,,,,,1,0,1,/images/cases/case-041-before.jpg,,/images/cases/case-041-after.jpg,인천 부평 주방에서 상부장이 파손되고 문짝 정렬이 틀어진 상태였습니다. 손상 부위를 보강하고 필요한 부분은 교체하여 안전하게 사용할 수 있도록 복원한 사례입니다.,상부장 수리,상부장 파손|상부장 처짐|상부장 교체|싱크대 상부장 수리|상부장 추락|상부장 보강|부평 상부장 수리,case-041,/cases/case-041,https://www.restorystudio.co.kr/cases/case-041,사진 보내주시면 먼저 상태를 확인해드리겠습니다.,2026-02-14,lib/case-data.tsx
case-040,싱크대 수리,상부장 처짐,상부장 처짐,부천 싱크대 상부장 처짐 수리 사례,부천,부천,,,부천 아파트 싱크대 상부장이 내려앉아 문짝이 제대로 닫히지 않는 상태였습니다. 내부 구조를 점검한 뒤 상부장을 보강하여 처짐 문제를 해결한 수리 사례입니다.,,시공목|처짐,내부 구조를 점검한 뒤 상부장을 보강하여 처짐 문제를 해결한 수리 사례입니다,시공목,,,,1,0,1,/images/cases/case-040-before.jpg,,/images/cases/case-040-after.jpg,부천 아파트 싱크대 상부장이 내려앉아 문짝이 제대로 닫히지 않는 상태였습니다. 내부 구조를 점검한 뒤 상부장을 보강하여 처짐 문제를 해결한 수리 사례입니다.,상부장 수리,상부장 처짐|싱크대 상부장 수리|싱크대 상부장 처짐|상부장 보강|상부장 내려앉음|상부장 추락|주방 상부장 수리,case-040,/cases/case-040,https://www.restorystudio.co.kr/cases/case-040,사진 보내주시면 먼저 상태를 확인해드리겠습니다.,2026-03-13,lib/case-data.tsx
case-039,가죽 리폼,특수 가죽 교체,특수 가죽 교체,인천 당구장 팔걸이 가죽 리폼 사례,인천,인천,,,인천 당구장 팔걸이 가죽이 벗겨지고 헤진 상태였습니다. 내구성이 좋은 가죽으로 교체하여 깔끔한 외관과 사용감을 되살린 가죽 리폼 사례입니다.,,가죽,내구성이 좋은 가죽으로 교체하여 깔끔한 외관과 사용감을 되살린 가죽 리폼 사례입니다,가죽,,,,1,0,1,/images/cases/case-039-before.jpg,,/images/cases/case-039-after.jpg,인천 당구장 팔걸이 가죽이 벗겨지고 헤진 상태였습니다. 내구성이 좋은 가죽으로 교체하여 깔끔한 외관과 사용감을 되살린 가죽 리폼 사례입니다.,가죽 리폼,가죽 벗겨짐|의자 천갈이|의자 가죽 교체|당구장 의자 수리|업소용 의자 수리|인천|인천 의자 천갈이,case-039,/cases/case-039,https://www.restorystudio.co.kr/cases/case-039,사진 보내주시면 먼저 상태를 확인해드리겠습니다.,2026-06-03,lib/case-data.tsx
case-038,싱크대 수리,상부장 처짐,상부장 처짐,상부장 처짐 수리 사례,서울 강서구 화곡동,서울,강서구,화곡동,서울 강서구 화곡동 주방에서 상부장이 앞으로 기울어지는 증상이 발생했습니다. 시공목 보강과 고정 작업을 통해 상부장 추락 위험을 예방한 수리 사례입니다.,,시공목|처짐|추락,시공목 보강과 고정 작업을 통해 상부장 추락 위험을 예방한 수리 사례입니다,시공목,,,,1,0,1,/images/cases/case-038-before.jpg,,/images/cases/case-038-after.jpg,서울 강서구 화곡동 주방에서 상부장이 앞으로 기울어지는 증상이 발생했습니다. 시공목 보강과 고정 작업을 통해 상부장 추락 위험을 예방한 수리 사례입니다.,상부장 수리,상부장 처짐|싱크대 상부장 수리|싱크대 상부장 처짐|상부장 보강|상부장 내려앉음|상부장 추락|주방 상부장 수리,case-038,/cases/case-038,https://www.restorystudio.co.kr/cases/case-038,사진 보내주시면 먼저 상태를 확인해드리겠습니다.,2026-01-31,lib/case-data.tsx
case-037,싱크대 수리,상부장 처짐,상부장 처짐,사당 싱크대 상부장 처짐 수리 사례,사당동,사당동,,,사당 아파트 주방 상부장이 처지면서 문짝 간격이 벌어진 상태였습니다. 구조 보강 작업을 통해 상부장을 원래 위치로 복원한 사례입니다.,,시공목|처짐,구조 보강 작업을 통해 상부장을 원래 위치로 복원한 사례입니다,시공목,,,,1,0,1,/images/cases/case-037-before.jpg,,/images/cases/case-037-after.jpg,사당 아파트 주방 상부장이 처지면서 문짝 간격이 벌어진 상태였습니다. 구조 보강 작업을 통해 상부장을 원래 위치로 복원한 사례입니다.,상부장 수리,사당 싱크대 수리|상부장 처짐|싱크대 상부장 수리|싱크대 상부장 처짐|상부장 보강|상부장 내려앉음|상부장 추락|주방 상부장 수리|사당 싱크대 상부장 처짐,case-037,/cases/case-037,https://www.restorystudio.co.kr/cases/case-037,사진 보내주시면 먼저 상태를 확인해드리겠습니다.,2026-03-27,lib/case-data.tsx
case-036,싱크대 수리,상부장 처짐,상부장 처짐,화곡동 싱크대 상부장 수리 사례,강서구 화곡동,강서구,화곡동,,강서구 화곡동 주방에서 상부장이 내려앉아 사용이 어려운 상태였습니다. 합판 시공목과 고정 보강 작업으로 안전하게 복원한 상부장 수리 사례입니다.,,시공목|합판,합판 시공목과 고정 보강 작업으로 안전하게 복원한 상부장 수리 사례입니다,합판|시공목,,,,1,0,1,/images/cases/case-036-before.jpg,,/images/cases/case-036-after.jpg,강서구 화곡동 주방에서 상부장이 내려앉아 사용이 어려운 상태였습니다. 합판 시공목과 고정 보강 작업으로 안전하게 복원한 상부장 수리 사례입니다.,상부장 수리,상부장 처짐|강서구 싱크대 수리|강서구 상부장 수리|싱크대 상부장 처짐|상부장 보강|상부장 내려앉음|상부장 추락,case-036,/cases/case-036,https://www.restorystudio.co.kr/cases/case-036,사진 보내주시면 먼저 상태를 확인해드리겠습니다.,2026-05-4,lib/case-data.tsx
case-035,싱크대 수리,상부장 처짐,상부장 처짐,상부장 처짐 수리 사례,광명,광명,,,광명 아파트 싱크대 상부장이 기울어지고 흔들리는 증상이 발생했습니다. 내부 고정부를 보강하여 상부장 처짐 문제를 해결한 현장 사례입니다.,,처짐,내부 고정부를 보강하여 상부장 처짐 문제를 해결한 현장 사례입니다,,,,,1,0,1,/images/cases/case-035-before.jpg,,/images/cases/case-035-after.jpg,광명 아파트 싱크대 상부장이 기울어지고 흔들리는 증상이 발생했습니다. 내부 고정부를 보강하여 상부장 처짐 문제를 해결한 현장 사례입니다.,상부장 수리,상부장 처짐|광명 싱크대 수리|광명 상부장 수리|싱크대 상부장 처짐|상부장 보강|상부장 내려앉음|상부장 추락,case-035,/cases/case-035,https://www.restorystudio.co.kr/cases/case-035,사진 보내주시면 먼저 상태를 확인해드리겠습니다.,2026-05-31,lib/case-data.tsx
case-034,싱크대 수리,하부장 밑판 교체,하부장 밑판 교체,주안 싱크대 하부장 밑판 교체 사례,주안,주안,,,주안 주방 하부장 밑판이 물을 먹어 휘어지고 부식된 상태였습니다. 손상된 밑판을 교체하여 수납 공간을 다시 사용할 수 있도록 복원한 사례입니다.,,물|밑판,손상된 밑판을 교체하여 수납 공간을 다시 사용할 수 있도록 복원한 사례입니다,밑판,,,,1,0,1,/images/cases/case-034-before.jpeg,,/images/cases/case-034-after.jpeg,주안 주방 하부장 밑판이 물을 먹어 휘어지고 부식된 상태였습니다. 손상된 밑판을 교체하여 수납 공간을 다시 사용할 수 있도록 복원한 사례입니다.,하부장 수리,하부장 썩음|싱크대 하부장 수리|하부장 밑판 교체|하부장 물먹음|하부장 부식|주안|주안 하부장 수리,case-034,/cases/case-034,https://www.restorystudio.co.kr/cases/case-034,사진 보내주시면 먼저 상태를 확인해드리겠습니다.,2026-05-31,lib/case-data.tsx
case-033,싱크대 수리,하부장 밑판 교체,하부장 밑판 교체,부평 싱크대 하부장 밑판 교체 사례,부평,부평,,,부평 주방 하부장 내부에 누수 흔적으로 밑판이 썩어 있었습니다. 부식된 밑판을 새 자재로 교체하여 내구성을 높인 수리 사례입니다.,,밑판,부식된 밑판을 새 자재로 교체하여 내구성을 높인 수리 사례입니다,밑판,,,,1,0,1,/images/cases/case-033-before.jpeg,,/images/cases/case-033-after.jpeg,부평 주방 하부장 내부에 누수 흔적으로 밑판이 썩어 있었습니다. 부식된 밑판을 새 자재로 교체하여 내구성을 높인 수리 사례입니다.,하부장 수리,하부장 밑판 교체|싱크대 하부장 수리|하부장 썩음|하부장 물먹음|하부장 부식|싱크대 누수|주방 하부장 교체,case-033,/cases/case-033,https://www.restorystudio.co.kr/cases/case-033,사진 보내주시면 먼저 상태를 확인해드리겠습니다.,2026-05-30,lib/case-data.tsx
case-031,싱크대 수리,하부장 밑판 교체,하부장 밑판 교체,일산 싱크대 하부장 밑판 교체 사례,일산,일산,,,일산 주방 하부장 밑판이 장기간 습기에 노출되어 부풀어 오른 상태였습니다. 손상 부위를 제거하고 새 밑판으로 교체한 사례입니다.,,습기|밑판,손상 부위를 제거하고 새 밑판으로 교체한 사례입니다,밑판,,,,1,0,1,/images/cases/case-032-before.jpg,,/images/cases/case-032-after.jpg,일산 주방 하부장 밑판이 장기간 습기에 노출되어 부풀어 오른 상태였습니다. 손상 부위를 제거하고 새 밑판으로 교체한 사례입니다.,하부장 수리,하부장 밑판 교체|싱크대 하부장 수리|하부장 썩음|하부장 물먹음|하부장 부식|싱크대 누수|주방 하부장 교체,case-031,/cases/case-031,https://www.restorystudio.co.kr/cases/case-031,사진 보내주시면 먼저 상태를 확인해드리겠습니다.,2026-05-29,lib/case-data.tsx
case-030,싱크대 수리,상부장 처짐,상부장 처짐,마포구 싱크대 상부장 처짐 수리 사례,마포구,마포구,,,서울 마포구 아파트 주방에서 상부장이 앞으로 기울어지는 증상이 발생했습니다. 기존 고정부를 점검하고 시공목을 보강하여 상부장 처짐 문제를 안전하게 해결한 사례입니다.,,시공목|처짐|추락,기존 고정부를 점검하고 시공목을 보강하여 상부장 처짐 문제를 안전하게 해결한 사례입니다,시공목,,,,1,0,1,/images/cases/case-030-before.jpg,,/images/cases/case-030-after.jpg,서울 마포구 아파트 주방에서 상부장이 앞으로 기울어지는 증상이 발생했습니다. 기존 고정부를 점검하고 시공목을 보강하여 상부장 처짐 문제를 안전하게 해결한 사례입니다.,싱크대 수리,상부장 처짐|싱크대 상부장 수리|싱크대 상부장 처짐|상부장 보강|상부장 내려앉음|상부장 추락|마포구 싱크대 수리|마포구 상부장 수리,case-030,/cases/case-030,https://www.restorystudio.co.kr/cases/case-030,사진 보내주시면 먼저 상태를 확인해드리겠습니다.,2026-05-26,lib/case-data.tsx
case-029,싱크대 수리,상부장 처짐,상부장 처짐,마포구 싱크대 상부장 처짐 수리 사례,마포구,마포구,,,마포구 주방 상부장이 내려앉아 문짝 간격이 벌어지고 흔들리는 상태였습니다. 내부 고정부를 재시공하여 안정적으로 사용할 수 있도록 복원한 수리 사례입니다.,,처짐,내부 고정부를 재시공하여 안정적으로 사용할 수 있도록 복원한 수리 사례입니다,,,,,1,0,1,/images/cases/case-029-before.jpg,,/images/cases/case-029-after.jpg,마포구 주방 상부장이 내려앉아 문짝 간격이 벌어지고 흔들리는 상태였습니다. 내부 고정부를 재시공하여 안정적으로 사용할 수 있도록 복원한 수리 사례입니다.,싱크대 수리,상부장 처짐|상부장 보강|상부장 내려앉음|상부장 추락|마포구 싱크대 수리|마포구 상부장 수리,case-029,/cases/case-029,https://www.restorystudio.co.kr/cases/case-029,사진 보내주시면 먼저 상태를 확인해드리겠습니다.,2026-05-10,lib/case-data.tsx
case-028,싱크대 수리,상부장 처짐,상부장 처짐,은평구 싱크대 상부장 처짐 수리 사례,은평구,은평구,,,은평구 아파트 주방에서 상부장이 벽면에서 벌어지며 추락 위험이 발생했습니다. 구조 보강 작업을 통해 상부장을 안전하게 복원한 현장 사례입니다.,,처짐|추락,구조 보강 작업을 통해 상부장을 안전하게 복원한 현장 사례입니다,,,,,1,0,1,/images/cases/case-028-before.jpg,,/images/cases/case-028-after.jpg,은평구 아파트 주방에서 상부장이 벽면에서 벌어지며 추락 위험이 발생했습니다. 구조 보강 작업을 통해 상부장을 안전하게 복원한 현장 사례입니다.,싱크대 수리,상부장 처짐|은평구 싱크대 수리|은평구 상부장 수리|싱크대 상부장 처짐|상부장 보강|상부장 내려앉음|상부장 추락,case-028,/cases/case-028,https://www.restorystudio.co.kr/cases/case-028,사진 보내주시면 먼저 상태를 확인해드리겠습니다.,2026-05-23,lib/case-data.tsx
case-027,싱크대 수리,상부장 처짐,상부장 처짐,인천 싱크대 상부장 처짐 수리 사례,인천,인천,,,인천 주방 상부장이 처지면서 문짝 정렬이 틀어진 상태였습니다. 시공목과 고정 부위를 보강하여 상부장 기능을 정상화한 수리 사례입니다.,,시공목|처짐,시공목과 고정 부위를 보강하여 상부장 기능을 정상화한 수리 사례입니다,시공목,,,,1,0,1,/images/cases/case-027-before.jpg,,/images/cases/case-027-after.jpg,인천 주방 상부장이 처지면서 문짝 정렬이 틀어진 상태였습니다. 시공목과 고정 부위를 보강하여 상부장 기능을 정상화한 수리 사례입니다.,싱크대 수리,상부장 처짐|인천 싱크대 수리|인천 상부장 수리|싱크대 상부장 처짐|상부장 보강|상부장 내려앉음|상부장 추락,case-027,/cases/case-027,https://www.restorystudio.co.kr/cases/case-027,사진 보내주시면 먼저 상태를 확인해드리겠습니다.,2026-05-25,lib/case-data.tsx
case-026,싱크대 리폼,싱크대 리폼,싱크대 리폼,당하동 싱크대 문짝 리폼 사례,당하동,당하동,,,당하동 주방 문짝이 변색되고 생활 스크래치가 심한 상태였습니다. 화이트 톤 PET 문짝으로 교체하여 밝고 깔끔한 주방 분위기로 리폼한 사례입니다.,,,화이트 톤 PET 문짝으로 교체하여 밝고 깔끔한 주방 분위기로 리폼한 사례입니다,PET,,,,1,0,1,/images/cases/case-026-before.jpg,,/images/cases/case-026-after.jpg,당하동 주방 문짝이 변색되고 생활 스크래치가 심한 상태였습니다. 화이트 톤 PET 문짝으로 교체하여 밝고 깔끔한 주방 분위기로 리폼한 사례입니다.,싱크대 리폼,문짝 교체|주방 리폼|당하동 싱크대 리폼|당하동 주방 리폼,case-026,/cases/case-026,https://www.restorystudio.co.kr/cases/case-026,사진 보내주시면 먼저 상태를 확인해드리겠습니다.,2026-01-02,lib/case-data.tsx
case-025,싱크대 수리,상부장 처짐,상부장 처짐,당하동 싱크대 상부장 처짐 수리 사례,당하동,당하동,,,당하동 아파트 상부장이 앞으로 기울어지며 사용이 불편한 상태였습니다. 내부 구조를 점검한 뒤 상부장을 보강하여 처짐 문제를 해결한 사례입니다.,,처짐,내부 구조를 점검한 뒤 상부장을 보강하여 처짐 문제를 해결한 사례입니다,,,,,1,0,1,/images/cases/case-025-before.jpg,,/images/cases/case-025-after.jpg,당하동 아파트 상부장이 앞으로 기울어지며 사용이 불편한 상태였습니다. 내부 구조를 점검한 뒤 상부장을 보강하여 처짐 문제를 해결한 사례입니다.,싱크대 수리,상부장 처짐|상부장 보강|상부장 내려앉음|상부장 추락,case-025,/cases/case-025,https://www.restorystudio.co.kr/cases/case-025,사진 보내주시면 먼저 상태를 확인해드리겠습니다.,2025-12-28,lib/case-data.tsx
case-024,가죽 리폼,회의실 테이블 가죽 교체,회의실 테이블 가죽 교체,회사 중역 테이블 가죽 리폼 천갈이 사례,서울,서울,,,회사 중역 테이블 상판 가죽이 벗겨지고 노후화된 상태였습니다. 신규 가죽으로 교체하여 고급스러운 회의 공간 분위기를 복원한 리폼 사례입니다.,,가죽,신규 가죽으로 교체하여 고급스러운 회의 공간 분위기를 복원한 리폼 사례입니다,가죽,,,,1,0,1,/images/cases/case-024-before.jpg,,/images/cases/case-024-after.jpg,회사 중역 테이블 상판 가죽이 벗겨지고 노후화된 상태였습니다. 신규 가죽으로 교체하여 고급스러운 회의 공간 분위기를 복원한 리폼 사례입니다.,가죽 리폼,테이블 리폼|상판 리폼|천갈이|의자 리폼|인천,case-024,/cases/case-024,https://www.restorystudio.co.kr/cases/case-024,사진 보내주시면 먼저 상태를 확인해드리겠습니다.,2026-4-16,lib/case-data.tsx
case-023,가죽 리폼,특수 가죽 교체,특수 가죽 교체,인천 회사 의자 팔걸이 가죽 교체 사례,인천,인천,,,사무실 의자 팔걸이 가죽이 갈라지고 벗겨져 외관 손상이 심한 상태였습니다. 팔걸이 가죽을 교체하여 깔끔하게 복원한 사례입니다.,,가죽,팔걸이 가죽을 교체하여 깔끔하게 복원한 사례입니다,가죽,,,,1,0,1,/images/cases/case-023-before.jpg,,/images/cases/case-023-after.jpg,사무실 의자 팔걸이 가죽이 갈라지고 벗겨져 외관 손상이 심한 상태였습니다. 팔걸이 가죽을 교체하여 깔끔하게 복원한 사례입니다.,가죽 리폼,의자 리폼|팔걸이 리폼,case-023,/cases/case-023,https://www.restorystudio.co.kr/cases/case-023,사진 보내주시면 먼저 상태를 확인해드리겠습니다.,2026-4-14,lib/case-data.tsx
case-022,싱크대 리폼,싱크대 리폼,싱크대 리폼,인천 주방 문짝 리폼 사례,인천,인천,,,오래된 주방 문짝의 변색과 들뜸 현상이 심해 전체적인 노후감이 있었습니다. 문짝 리폼을 통해 새 주방 같은 분위기로 개선한 사례입니다.,,,문짝 리폼을 통해 새 주방 같은 분위기로 개선한 사례입니다,,,,,1,0,1,/images/cases/case-022-before.jpeg,,/images/cases/case-022-after.jpeg,오래된 주방 문짝의 변색과 들뜸 현상이 심해 전체적인 노후감이 있었습니다. 문짝 리폼을 통해 새 주방 같은 분위기로 개선한 사례입니다.,싱크대 리폼,주방 리폼,case-022,/cases/case-022,https://www.restorystudio.co.kr/cases/case-022,사진 보내주시면 먼저 상태를 확인해드리겠습니다.,2025-10-21,lib/case-data.tsx
case-021,싱크대 리폼,싱크대 리폼,싱크대 리폼,인천 주방 문짝 리폼 사례,인천 신현동,인천,신현동,,인천 신현동 주방 문짝이 노후화되어 색상 변색과 사용 흔적이 많았습니다. 문짝 교체 리폼으로 주방 전체 이미지를 새롭게 바꾼 사례입니다.,,,문짝 교체 리폼으로 주방 전체 이미지를 새롭게 바꾼 사례입니다,,,,,1,0,1,/images/cases/case-021-before.jpeg,,/images/cases/case-021-after.jpeg,인천 신현동 주방 문짝이 노후화되어 색상 변색과 사용 흔적이 많았습니다. 문짝 교체 리폼으로 주방 전체 이미지를 새롭게 바꾼 사례입니다.,싱크대 리폼,주방 리폼|인천 싱크대 리폼|인천 주방 리폼|신현동 싱크대 리폼|신현동 주방 리폼,case-021,/cases/case-021,https://www.restorystudio.co.kr/cases/case-021,사진 보내주시면 먼저 상태를 확인해드리겠습니다.,2025-08-26,lib/case-data.tsx
case-020,싱크대 리폼,싱크대 리폼,싱크대 리폼,인천 싱크대 리폼 사례,인천 신현동,인천,신현동,,신현동 아파트 주방이 오래된 문짝과 손상된 마감재로 인해 낡아 보이는 상태였습니다. 싱크대 리폼을 통해 비용 부담 없이 분위기를 개선한 사례입니다.,,,신현동 아파트 주방이 오래된 문짝과 손상된 마감재로 인해 낡아 보이는 상태였습니다,,,,,1,0,1,/images/cases/case-020-before.jpeg,,/images/cases/case-020-after.jpeg,신현동 아파트 주방이 오래된 문짝과 손상된 마감재로 인해 낡아 보이는 상태였습니다. 싱크대 리폼을 통해 비용 부담 없이 분위기를 개선한 사례입니다.,싱크대 리폼,주방 리폼|인천 싱크대 리폼|인천 주방 리폼|신현동 싱크대 리폼|신현동 주방 리폼,case-020,/cases/case-020,https://www.restorystudio.co.kr/cases/case-020,사진 보내주시면 먼저 상태를 확인해드리겠습니다.,2026-01-10,lib/case-data.tsx
case-019,싱크대 리폼,싱크대 리폼,싱크대 리폼,인천 싱크대 리폼 사례,인천 주안,인천,주안,,주안 주방 문짝 표면이 벗겨지고 색상이 바랜 상태였습니다. 문짝 교체 리폼으로 새 주방처럼 깔끔하게 변신한 사례입니다.,,,문짝 교체 리폼으로 새 주방처럼 깔끔하게 변신한 사례입니다,,,,,1,0,1,/images/cases/case-019-before.jpeg,,/images/cases/case-019-after.jpeg,주안 주방 문짝 표면이 벗겨지고 색상이 바랜 상태였습니다. 문짝 교체 리폼으로 새 주방처럼 깔끔하게 변신한 사례입니다.,싱크대 리폼,주방 리폼|인천 싱크대 리폼|인천 주방 리폼|주안 싱크대 리폼|주안 주방 리폼,case-019,/cases/case-019,https://www.restorystudio.co.kr/cases/case-019,사진 보내주시면 먼저 상태를 확인해드리겠습니다.,2026-05-19,lib/case-data.tsx
case-018,소파 복원,소파 복원,소파 복원,인천 소파 수리 사례,인천 주안,인천,주안,,주안 지역 3인용 소파가 꺼져 앉을 때 바닥이 느껴지는 상태였습니다. 내부 스프링과 쿠션재를 보강하여 착석감을 복원한 소파 수리 사례입니다.,,스프링|쿠션,내부 스프링과 쿠션재를 보강하여 착석감을 복원한 소파 수리 사례입니다,스펀지,,,,1,0,1,/images/cases/case-018-before.jpeg,,/images/cases/case-18-after.jpeg,주안 지역 3인용 소파가 꺼져 앉을 때 바닥이 느껴지는 상태였습니다. 내부 스프링과 쿠션재를 보강하여 착석감을 복원한 소파 수리 사례입니다.,소파 복원,소파 꺼짐|소파 수리|쇼파 꺼짐|소파 쿠션 꺼짐|소파 스프링 수리|주안|주안 소파 수리,case-018,/cases/case-018,https://www.restorystudio.co.kr/cases/case-018,사진 보내주시면 먼저 상태를 확인해드리겠습니다.,2026-05-19,lib/case-data.tsx
case-017,싱크대 리폼,싱크대 리폼,싱크대 리폼,인천 싱크대 문짝 리폼,인천 부평구,인천,부평구,,부평구 주방 문짝이 변색되고 생활 스크래치가 누적된 상태였습니다. 싱크대 문짝만 교체하여 합리적인 비용으로 리폼한 사례입니다.,,,싱크대 문짝만 교체하여 합리적인 비용으로 리폼한 사례입니다,,,,,1,0,1,/images/cases/case-017-before.jpg,,/images/cases/case-017-after.jpg,부평구 주방 문짝이 변색되고 생활 스크래치가 누적된 상태였습니다. 싱크대 문짝만 교체하여 합리적인 비용으로 리폼한 사례입니다.,싱크대 문짝,싱크대리폼|주방 리폼|부평 싱크대 리폼|부평 주방 리폼|인천 싱크대 리폼|인천 주방 리폼,case-017,/cases/case-017,https://www.restorystudio.co.kr/cases/case-017,사진 보내주시면 먼저 상태를 확인해드리겠습니다.,2026-01-18,lib/case-data.tsx
case-016,싱크대 수리,상부장 처짐,상부장 처짐,인천 싱크대 상부장 처짐,인천 서구,인천,서구,,인천 서구 주방 상부장이 앞으로 기울어지며 문짝이 제대로 닫히지 않는 상태였습니다. 구조 보강 작업을 통해 상부장 처짐 문제를 해결한 사례입니다.,,시공목|처짐,구조 보강 작업을 통해 상부장 처짐 문제를 해결한 사례입니다,시공목,,,,1,0,1,/images/cases/case-016-before.jpg,,/images/cases/case-016-after.jpg,인천 서구 주방 상부장이 앞으로 기울어지며 문짝이 제대로 닫히지 않는 상태였습니다. 구조 보강 작업을 통해 상부장 처짐 문제를 해결한 사례입니다.,싱크대 상부장 처짐,싱크대수리|상부장 수리|싱크대 상부장 수리|싱크대 상부장 처짐|상부장 보강|상부장 내려앉음|상부장 추락|주방 상부장 수리,case-016,/cases/case-016,https://www.restorystudio.co.kr/cases/case-016,사진 보내주시면 먼저 상태를 확인해드리겠습니다.,2026-01-18,lib/case-data.tsx
case-015,가죽 리폼,의자 천갈이,의자 천갈이,사우나 의자 가죽 리폼,그랜드 cc,그랜드,cc,,사우나 벤치 의자의 가죽이 갈라지고 벗겨져 미관이 저하된 상태였습니다. 내구성 높은 가죽으로 교체하여 깔끔하게 복원한 사례입니다.,,가죽,내구성 높은 가죽으로 교체하여 깔끔하게 복원한 사례입니다,가죽,,,,1,0,1,/images/cases/case-015-before.jpg,,/images/cases/case-015-after.jpg,사우나 벤치 의자의 가죽이 갈라지고 벗겨져 미관이 저하된 상태였습니다. 내구성 높은 가죽으로 교체하여 깔끔하게 복원한 사례입니다.,사우나 의자 수리,의자 가죽 교체|벤치 의자 리폼|사우나 벤치 수리|업소용 의자 수리|의자 천갈이|가죽 리폼,case-015,/cases/case-015,https://www.restorystudio.co.kr/cases/case-015,사진 보내주시면 먼저 상태를 확인해드리겠습니다.,2026-04-22,lib/case-data.tsx
case-014,가죽 리폼,회의실 테이블 가죽 교체,회의실 테이블 가죽 교체,회의 테이블 가죽 교체,서울,서울,,,회의실 테이블 상판 가죽이 손상되고 마모가 진행된 상태였습니다. 가죽 교체 작업으로 고급스러운 회의 공간 이미지를 되살린 사례입니다.,,가죽,가죽 교체 작업으로 고급스러운 회의 공간 이미지를 되살린 사례입니다,가죽,,,,1,0,1,/images/cases/case-014-before.jpg,,/images/cases/case-014-after.jpg,회의실 테이블 상판 가죽이 손상되고 마모가 진행된 상태였습니다. 가죽 교체 작업으로 고급스러운 회의 공간 이미지를 되살린 사례입니다.,가죽교체   ,테이블 리폼|회의 테이블 리폼|업소용 테이블 리폼|가죽 리폼,case-014,/cases/case-014,https://www.restorystudio.co.kr/cases/case-014,사진 보내주시면 먼저 상태를 확인해드리겠습니다.,2026-05-11,lib/case-data.tsx
case-013,가죽 리폼,의자 천갈이,의자 천갈이,양천구 목동 의자 가죽 리폼,서울 양천구,서울,양천구,,양천구 목동 의자 가죽이 갈라지고 벗겨져 사용감이 크게 느껴지는 상태였습니다. 신규 가죽으로 교체하여 외관과 내구성을 개선한 사례입니다.,,가죽,신규 가죽으로 교체하여 외관과 내구성을 개선한 사례입니다,가죽,,,,1,0,1,/images/cases/case-013-before.jpg,,/images/cases/case-013-after.jpg,양천구 목동 의자 가죽이 갈라지고 벗겨져 사용감이 크게 느껴지는 상태였습니다. 신규 가죽으로 교체하여 외관과 내구성을 개선한 사례입니다.,가죽교체   ,테이블 리폼|의자 리폼|의자 천갈이,case-013,/cases/case-013,https://www.restorystudio.co.kr/cases/case-013,사진 보내주시면 먼저 상태를 확인해드리겠습니다.,2026-01-18,lib/case-data.tsx
case-012,가죽 리폼,회의실 테이블 가죽 교체,회의실 테이블 가죽 교체,강서구 회사 중역 테이블 가죽 리폼,서울 강서구,서울,강서구,,강서구 사무실 중역 테이블 가죽이 노후화되어 색상 변색과 마모가 진행된 상태였습니다. 가죽 리폼을 통해 고급스러운 분위기를 복원한 사례입니다.,,가죽,가죽 리폼을 통해 고급스러운 분위기를 복원한 사례입니다,가죽,,,,1,0,1,/images/cases/case-012-before.jpg,,/images/cases/case-012-after.jpg,강서구 사무실 중역 테이블 가죽이 노후화되어 색상 변색과 마모가 진행된 상태였습니다. 가죽 리폼을 통해 고급스러운 분위기를 복원한 사례입니다.,가죽교체   ,테이블 리폼,case-012,/cases/case-012,https://www.restorystudio.co.kr/cases/case-012,사진 보내주시면 먼저 상태를 확인해드리겠습니다.,2026-01-22,lib/case-data.tsx
case-011,가죽 리폼,특수 가죽 교체,특수 가죽 교체,관악구 가죽 리폼,서울 관악구,서울,관악구,,관악구 현장의 가죽 가구 표면이 갈라지고 벗겨져 교체가 필요한 상태였습니다. 가죽 리폼 작업을 통해 새 제품 같은 외관으로 복원한 사례입니다.,,가죽,관악구 현장의 가죽 가구 표면이 갈라지고 벗겨져 교체가 필요한 상태였습니다,가죽,,,,1,0,1,/images/cases/case-011-before.jpg,,/images/cases/case-011-after.jpg,관악구 현장의 가죽 가구 표면이 갈라지고 벗겨져 교체가 필요한 상태였습니다. 가죽 리폼 작업을 통해 새 제품 같은 외관으로 복원한 사례입니다.,가죽교체,의자 리폼,case-011,/cases/case-011,https://www.restorystudio.co.kr/cases/case-011,사진 보내주시면 먼저 상태를 확인해드리겠습니다.,2026-02-01,lib/case-data.tsx
case-010,싱크대 리폼,싱크대 리폼,싱크대 리폼,관악구 싱크대 문짝 리폼,서울 관악구,서울,관악구,,관악구 주방 문짝이 변색되고 손상되어 전체 교체가 고민되던 현장이었습니다. 문짝만 교체하여 비용을 절감하면서 주방 분위기를 개선한 사례입니다.,,,관악구 주방 문짝이 변색되고 손상되어 전체 교체가 고민되던 현장이었습니다,,,,,1,0,1,/images/cases/case-010-before.jpeg,,/images/cases/case-010-after.jpeg,관악구 주방 문짝이 변색되고 손상되어 전체 교체가 고민되던 현장이었습니다. 문짝만 교체하여 비용을 절감하면서 주방 분위기를 개선한 사례입니다.,문짝 교체,싱크대 리폼,case-010,/cases/case-010,https://www.restorystudio.co.kr/cases/case-010,사진 보내주시면 먼저 상태를 확인해드리겠습니다.,2026-03-25,lib/case-data.tsx
case-009,싱크대 리폼,싱크대 리폼,싱크대 리폼,인천 싱크대 문짝 리폼,인천,인천,,,인천 주방 문짝의 필름 들뜸과 변색 현상이 심한 상태였습니다. 문짝 리폼을 통해 새 주방 같은 깔끔한 공간으로 개선한 사례입니다.,,,문짝 리폼을 통해 새 주방 같은 깔끔한 공간으로 개선한 사례입니다,,,,,1,0,1,/images/cases/case-009-before.jpg,,/images/cases/case-009-after.jpg,인천 주방 문짝의 필름 들뜸과 변색 현상이 심한 상태였습니다. 문짝 리폼을 통해 새 주방 같은 깔끔한 공간으로 개선한 사례입니다.,문짝 교체,싱크대 리폼,case-009,/cases/case-009,https://www.restorystudio.co.kr/cases/case-009,사진 보내주시면 먼저 상태를 확인해드리겠습니다.,2026-04-20,lib/case-data.tsx
case-001,싱크대 수리,상부장 처짐,상부장 처짐,인천 서구 싱크대 상부장 처짐 수리 사례,인천 서구,인천,서구,,인천 서구 싱크대 상부장이 앞으로 기울어지고 경첩이 이탈한 상태였습니다. 상부장 수리와 보강 작업을 통해 안전하게 사용할 수 있도록 복원한 사례입니다.,,경첩|처짐|추락,상부장 수리와 보강 작업을 통해 안전하게 사용할 수 있도록 복원한 사례입니다,,,,,1,0,1,/images/cases/case-001-before.jpg,,/images/cases/case-001-after.jpg,인천 서구 싱크대 상부장이 앞으로 기울어지고 경첩이 이탈한 상태였습니다. 상부장 수리와 보강 작업을 통해 안전하게 사용할 수 있도록 복원한 사례입니다.,상부장 수리,상부장 처짐|싱크대 상부장 수리|싱크대 상부장 처짐|상부장 경첩 교체|상부장 보강|인천 서구|인천 서구 상부장 수리,case-001,/cases/case-001,https://www.restorystudio.co.kr/cases/case-001,사진 보내주시면 먼저 상태를 확인해드리겠습니다.,2026-05-10,lib/case-data.tsx
case-002,싱크대 수리,상부장 처짐,상부장 처짐,"부천 싱크대 상부장 추락 사례, 처진 다음은 떨어집니다.",부천 작동,부천,작동,,서랍이 안 닫히는 증상. 레일 부식으로 3단 서랍레일 전체 교체.,,시공목|추락,레일 부식으로 3단 서랍레일 전체 교체,시공목,,,,1,0,1,/images/cases/case-002-before.jpg,,/images/cases/case-002-after.jpg,서랍이 안 닫히는 증상. 레일 부식으로 3단 서랍레일 전체 교체.,상부장,추락|부식,case-002,/cases/case-002,https://www.restorystudio.co.kr/cases/case-002,사진 보내주시면 먼저 상태를 확인해드리겠습니다.,2026-05-08,lib/case-data.tsx
case-003,싱크대 리폼,싱크대 리폼,싱크대 리폼,경기 부천시 주방 문짝 전체 교체,경기 부천시,경기,부천시,,20년 된 주방 문짝 색상 변색. 본체는 그대로 두고 문짝만 42장 교체.,,,본체는 그대로 두고 문짝만 42장 교체,,,,,1,0,1,/images/cases/case-003-before.jpg,,/images/cases/case-003-after.jpg,20년 된 주방 문짝 색상 변색. 본체는 그대로 두고 문짝만 42장 교체.,문짝교체,변색|리폼,case-003,/cases/case-003,https://www.restorystudio.co.kr/cases/case-003,사진 보내주시면 먼저 상태를 확인해드리겠습니다.,2026-05-05,lib/case-data.tsx
case-004,싱크대 리폼,싱크대 리폼,싱크대 리폼,서울 강서구 싱크대 상판 + 문짝 리폼,서울 강서구,서울,강서구,,상판 스크래치 심하고 문짝 들뜸. 상판 교체 + 문짝 리폼으로 새 주방 느낌.,,,상판 교체 + 문짝 리폼으로 새 주방 느낌,,,,,1,0,1,/images/cases/case-004-before.jpg,,/images/cases/case-004-after.jpg,상판 스크래치 심하고 문짝 들뜸. 상판 교체 + 문짝 리폼으로 새 주방 느낌.,상판,스크래치|리폼,case-004,/cases/case-004,https://www.restorystudio.co.kr/cases/case-004,사진 보내주시면 먼저 상태를 확인해드리겠습니다.,2026-04-28,lib/case-data.tsx
case-005,가죽 리폼,의자 천갈이,의자 천갈이,강남 레스토랑 의자 30개 천갈이,서울 강남구,서울,강남구,,가죽 벗겨진 레스토랑 의자 30개. 영업 중 작업으로 하루 만에 완료.,,가죽,,가죽,,,,1,0,1,/images/cases/case-005-before.jpg,,/images/cases/case-005-after.jpg,가죽 벗겨진 레스토랑 의자 30개. 영업 중 작업으로 하루 만에 완료.,레스토랑 의자 천갈이,식당 의자 수리|업소용 의자 수리|의자 가죽 교체|의자 천갈이|가죽 리폼|식당 의자 리폼|의자 대량 수리,case-005,/cases/case-005,https://www.restorystudio.co.kr/cases/case-005,사진 보내주시면 먼저 상태를 확인해드리겠습니다.,2026-04-25,lib/case-data.tsx
case-006,가죽 리폼,붙박이 소파 천갈이,붙박이 소파 천갈이,카페 소파 부스석 가죽 교체,경기 일산,경기,일산,,10년 된 카페 부스석 가죽 갈라짐. 인조가죽으로 전체 교체.,,가죽,인조가죽으로 전체 교체,가죽|인조가죽,,,,1,0,1,/images/cases/case-006-before.jpg,,/images/cases/case-006-after.jpg,10년 된 카페 부스석 가죽 갈라짐. 인조가죽으로 전체 교체.,카페 소파 수리,부스석 가죽 교체|카페 의자 수리|소파 천갈이|인조가죽 교체|업소용 소파 수리|부스석 리폼|가죽 리폼,case-006,/cases/case-006,https://www.restorystudio.co.kr/cases/case-006,사진 보내주시면 먼저 상태를 확인해드리겠습니다.,2026-04-20,lib/case-data.tsx
case-007,소파 복원,소파 복원,소파 복원,인천 송도 3인 소파 꺼짐 복원,인천 송도,인천,송도,,소파 쿠션 꺼짐이 심해서 앉으면 바닥 느낌. 내부 스프링 + 고밀도 폼 보강.,,스프링|쿠션,내부 스프링 + 고밀도 폼 보강,,,,,1,0,1,/images/cases/case-007-before.jpg,,/images/cases/case-007-after.jpg,소파 쿠션 꺼짐이 심해서 앉으면 바닥 느낌. 내부 스프링 + 고밀도 폼 보강.,소파 꺼짐,쇼파 꺼짐|소파 쿠션 꺼짐|소파 복원|소파 수리|소파 스프링 보강|소파 방석 꺼짐|송도 소파 수리,case-007,/cases/case-007,https://www.restorystudio.co.kr/cases/case-007,사진 보내주시면 먼저 상태를 확인해드리겠습니다.,2026-04-15,lib/case-data.tsx
case-008,소파 복원,소파 복원,소파 복원,서울 마포구 가죽소파 꺼짐 복원,서울 마포구,서울,마포구,,소파 꺼짐 심해서 앉으면 바닥 느낌. 내부 스프링 + 고밀도 폼 보강.,,시공목|가죽|스프링,내부 스프링 + 고밀도 폼 보강,가죽|시공목,,,,1,0,1,/images/cases/case-008-before.jpg,,/images/cases/case-008-after.jpg,소파 꺼짐 심해서 앉으면 바닥 느낌. 내부 스프링 + 고밀도 폼 보강.,가죽소파 수리,가죽소파 꺼짐|소파 복원|쇼파 꺼짐|소파 쿠션 꺼짐|소파 스프링 수리|마포 소파 수리|소파 방석 꺼짐,case-008,/cases/case-008,https://www.restorystudio.co.kr/cases/case-008,사진 보내주시면 먼저 상태를 확인해드리겠습니다.,2026-04-10,lib/case-data.tsx
